"ID";"Description";"GeneRatio";"BgRatio";"pvalue";"p.adjust";"qvalue";"geneID";"Count"
"GO:0006958";"GO:0006958";"complement activation, classical pathway";"68/265";"115/15262";4.55099255436817e-92;1.07494444134176e-88;9.71517147395647e-89;"IGHG1/IGHV4-59/IGKV4-1/IGKC/IGHV3-21/IGLC2/IGLV3-25/IGHV4-34/IGHV1-18/IGLV2-14/IGKV1-16/IGLV3-19/IGKV5-2/IGHV3-11/IGHV3-33/IGHV3-23/IGHV1-24/IGLC3/IGLV1-40/IGKV1-5/IGKV3-15/IGLV2-11/IGHV5-51/IGHV4-28/IGHV3-49/IGHG3/IGLV6-57/IGLV1-44/IGLV2-23/IGLV1-47/IGHG2/IGHV3-66/C1QC/IGHV3-30/IGHV3-7/IGHV7-4-1/C1QB/IGHA1/IGHV3-43/IGKV3-20/IGHV3-20/IGKV1-17/IGKV1-12/IGHG4/IGKV3D-20/IGHV4-61/IGLV1-51/IGHV3-15/IGHV3-64/IGHV3-48/CLU/IGLV3-21/IGHV3-74/IGLV3-27/IGKV2-30/IGHV2-5/IGHV6-1/IGHA2/IGHV1-69/IGLV2-8/IGHV4-4/IGHV1-3/IGHV3-53/IGHV2-70/IGKV3D-11/IGHV4-39/IGLC6/IGHV3-72";68
"GO:0002455";"GO:0002455";"humoral immune response mediated by circulating immunoglobulin";"69/265";"130/15262";8.07165415048672e-89;9.53262355172482e-86;8.61542874588793e-86;"IGHG1/IGHV4-59/IGKV4-1/IGKC/IGHV3-21/IGLC2/IGLV3-25/IGHV4-34/IGHV1-18/IGLV2-14/IGKV1-16/IGLV3-19/IGKV5-2/IGHV3-11/IGHV3-33/IGHV3-23/IGHV1-24/IGLC3/IGLV1-40/IGKV1-5/IGKV3-15/IGLV2-11/EXO1/IGHV5-51/IGHV4-28/IGHV3-49/IGHG3/IGLV6-57/IGLV1-44/IGLV2-23/IGLV1-47/IGHG2/IGHV3-66/C1QC/IGHV3-30/IGHV3-7/IGHV7-4-1/C1QB/IGHA1/IGHV3-43/IGKV3-20/IGHV3-20/IGKV1-17/IGKV1-12/IGHG4/IGKV3D-20/IGHV4-61/IGLV1-51/IGHV3-15/IGHV3-64/IGHV3-48/CLU/IGLV3-21/IGHV3-74/IGLV3-27/IGKV2-30/IGHV2-5/IGHV6-1/IGHA2/IGHV1-69/IGLV2-8/IGHV4-4/IGHV1-3/IGHV3-53/IGHV2-70/IGKV3D-11/IGHV4-39/IGLC6/IGHV3-72";69
"GO:0006956";"GO:0006956";"complement activation";"68/265";"141/15262";1.22149198630122e-83;9.61721357214497e-81;8.69187981831187e-81;"IGHG1/IGHV4-59/IGKV4-1/IGKC/IGHV3-21/IGLC2/IGLV3-25/IGHV4-34/IGHV1-18/IGLV2-14/IGKV1-16/IGLV3-19/IGKV5-2/IGHV3-11/IGHV3-33/IGHV3-23/IGHV1-24/IGLC3/IGLV1-40/IGKV1-5/IGKV3-15/IGLV2-11/IGHV5-51/IGHV4-28/IGHV3-49/IGHG3/IGLV6-57/IGLV1-44/IGLV2-23/IGLV1-47/IGHG2/IGHV3-66/C1QC/IGHV3-30/IGHV3-7/IGHV7-4-1/C1QB/IGHA1/IGHV3-43/IGKV3-20/IGHV3-20/IGKV1-17/IGKV1-12/IGHG4/IGKV3D-20/IGHV4-61/IGLV1-51/IGHV3-15/IGHV3-64/IGHV3-48/CLU/IGLV3-21/IGHV3-74/IGLV3-27/IGKV2-30/IGHV2-5/IGHV6-1/IGHA2/IGHV1-69/IGLV2-8/IGHV4-4/IGHV1-3/IGHV3-53/IGHV2-70/IGKV3D-11/IGHV4-39/IGLC6/IGHV3-72";68
"GO:0016064";"GO:0016064";"immunoglobulin mediated immune response";"69/265";"195/15262";2.99816495399205e-73;1.7704164053323e-70;1.60007329649891e-70;"IGHG1/IGHV4-59/IGKV4-1/IGKC/IGHV3-21/IGLC2/IGLV3-25/IGHV4-34/IGHV1-18/IGLV2-14/IGKV1-16/IGLV3-19/IGKV5-2/IGHV3-11/IGHV3-33/IGHV3-23/IGHV1-24/IGLC3/IGLV1-40/IGKV1-5/IGKV3-15/IGLV2-11/EXO1/IGHV5-51/IGHV4-28/IGHV3-49/IGHG3/IGLV6-57/IGLV1-44/IGLV2-23/IGLV1-47/IGHG2/IGHV3-66/C1QC/IGHV3-30/IGHV3-7/IGHV7-4-1/C1QB/IGHA1/IGHV3-43/IGKV3-20/IGHV3-20/IGKV1-17/IGKV1-12/IGHG4/IGKV3D-20/IGHV4-61/IGLV1-51/IGHV3-15/IGHV3-64/IGHV3-48/CLU/IGLV3-21/IGHV3-74/IGLV3-27/IGKV2-30/IGHV2-5/IGHV6-1/IGHA2/IGHV1-69/IGLV2-8/IGHV4-4/IGHV1-3/IGHV3-53/IGHV2-70/IGKV3D-11/IGHV4-39/IGLC6/IGHV3-72";69
"GO:0019724";"GO:0019724";"B cell mediated immunity";"69/265";"198/15262";1.05155463966647e-72;4.9675441177844e-70;4.48958486156547e-70;"IGHG1/IGHV4-59/IGKV4-1/IGKC/IGHV3-21/IGLC2/IGLV3-25/IGHV4-34/IGHV1-18/IGLV2-14/IGKV1-16/IGLV3-19/IGKV5-2/IGHV3-11/IGHV3-33/IGHV3-23/IGHV1-24/IGLC3/IGLV1-40/IGKV1-5/IGKV3-15/IGLV2-11/EXO1/IGHV5-51/IGHV4-28/IGHV3-49/IGHG3/IGLV6-57/IGLV1-44/IGLV2-23/IGLV1-47/IGHG2/IGHV3-66/C1QC/IGHV3-30/IGHV3-7/IGHV7-4-1/C1QB/IGHA1/IGHV3-43/IGKV3-20/IGHV3-20/IGKV1-17/IGKV1-12/IGHG4/IGKV3D-20/IGHV4-61/IGLV1-51/IGHV3-15/IGHV3-64/IGHV3-48/CLU/IGLV3-21/IGHV3-74/IGLV3-27/IGKV2-30/IGHV2-5/IGHV6-1/IGHA2/IGHV1-69/IGLV2-8/IGHV4-4/IGHV1-3/IGHV3-53/IGHV2-70/IGKV3D-11/IGHV4-39/IGLC6/IGHV3-72";69
"GO:0006959";"GO:0006959";"humoral immune response";"75/265";"274/15262";3.15858154172119e-70;1.24342826692424e-67;1.12379006431765e-67;"IGHG1/IGHV4-59/IGKV4-1/JCHAIN/IGKC/IGHV3-21/IGLC2/IGLV3-25/IGHV4-34/IGHV1-18/IGLV2-14/IGKV1-16/IGLV3-19/IGKV5-2/IGHV3-11/IGHV3-33/IGHV3-23/IGHV1-24/IGLC3/IGLV1-40/IGKV1-5/IGKV3-15/IGLV2-11/EXO1/IGHV5-51/IGHV4-28/IGHV3-49/IGHG3/IGLV6-57/IGLV1-44/IGLV2-23/IGLV1-47/IGHG2/IGHV3-66/C1QC/IGHV3-30/IGHV3-7/IGHV7-4-1/C1QB/IGHA1/IGHV3-43/IGKV3-20/IGHV3-20/IGKV1-17/IGKV1-12/IGHG4/IGKV3D-20/IGHV4-61/IGLV1-51/IGHV3-15/IGHV3-64/IGHV3-48/CLU/IGLV3-21/IGHV3-74/IGLV3-27/IGKV2-30/IGHV2-5/IGHV6-1/IGHA2/IGHV1-69/IGLV2-8/IGHV4-4/IGHV1-3/PF4V1/IGHV3-53/IGHV2-70/IGKV3D-11/H2BC11/IGHV4-39/IGLC6/LCN2/IGHV3-72/LTF/PPBP";75
"GO:0030449";"GO:0030449";"regulation of complement activation";"48/265";"94/15262";3.05374065104474e-60;1.03041934539538e-57;9.31276096288533e-58;"IGHG1/IGHV4-59/IGKV4-1/IGKC/IGLC2/IGLV3-25/IGHV4-34/IGLV2-14/IGKV1-16/IGLV3-19/IGKV5-2/IGHV3-11/IGHV3-33/IGHV3-23/IGLC3/IGLV1-40/IGKV1-5/IGKV3-15/IGLV2-11/IGHG3/IGLV6-57/IGLV1-44/IGLV2-23/IGLV1-47/IGHG2/C1QC/IGHV3-30/IGHV3-7/C1QB/IGKV3-20/IGKV1-17/IGKV1-12/IGHG4/IGKV3D-20/IGLV1-51/IGHV3-48/CLU/IGLV3-21/IGLV3-27/IGKV2-30/IGHV2-5/IGHV1-69/IGLV2-8/IGHV3-53/IGHV2-70/IGKV3D-11/IGHV4-39/IGLC6";48
"GO:0002449";"GO:0002449";"lymphocyte mediated immunity";"69/265";"321/15262";1.78275979282852e-56;5.26359828832621e-54;4.75715376296874e-54;"IGHG1/IGHV4-59/IGKV4-1/IGKC/IGHV3-21/IGLC2/IGLV3-25/IGHV4-34/IGHV1-18/IGLV2-14/IGKV1-16/IGLV3-19/IGKV5-2/IGHV3-11/IGHV3-33/IGHV3-23/IGHV1-24/IGLC3/IGLV1-40/IGKV1-5/IGKV3-15/IGLV2-11/EXO1/IGHV5-51/IGHV4-28/IGHV3-49/IGHG3/IGLV6-57/IGLV1-44/IGLV2-23/IGLV1-47/IGHG2/IGHV3-66/C1QC/IGHV3-30/IGHV3-7/IGHV7-4-1/C1QB/IGHA1/IGHV3-43/IGKV3-20/IGHV3-20/IGKV1-17/IGKV1-12/IGHG4/IGKV3D-20/IGHV4-61/IGLV1-51/IGHV3-15/IGHV3-64/IGHV3-48/CLU/IGLV3-21/IGHV3-74/IGLV3-27/IGKV2-30/IGHV2-5/IGHV6-1/IGHA2/IGHV1-69/IGLV2-8/IGHV4-4/IGHV1-3/IGHV3-53/IGHV2-70/IGKV3D-11/IGHV4-39/IGLC6/IGHV3-72";69
"GO:0002460";"GO:0002460";"adaptive immune response based on somatic recombination of immune receptors built from immunoglobulin superfamily domains";"69/265";"329/15262";1.08060880213952e-55;2.83599776739283e-53;2.5631282464783e-53;"IGHG1/IGHV4-59/IGKV4-1/IGKC/IGHV3-21/IGLC2/IGLV3-25/IGHV4-34/IGHV1-18/IGLV2-14/IGKV1-16/IGLV3-19/IGKV5-2/IGHV3-11/IGHV3-33/IGHV3-23/IGHV1-24/IGLC3/IGLV1-40/IGKV1-5/IGKV3-15/IGLV2-11/EXO1/IGHV5-51/IGHV4-28/IGHV3-49/IGHG3/IGLV6-57/IGLV1-44/IGLV2-23/IGLV1-47/IGHG2/IGHV3-66/C1QC/IGHV3-30/IGHV3-7/IGHV7-4-1/C1QB/IGHA1/IGHV3-43/IGKV3-20/IGHV3-20/IGKV1-17/IGKV1-12/IGHG4/IGKV3D-20/IGHV4-61/IGLV1-51/IGHV3-15/IGHV3-64/IGHV3-48/CLU/IGLV3-21/IGHV3-74/IGLV3-27/IGKV2-30/IGHV2-5/IGHV6-1/IGHA2/IGHV1-69/IGLV2-8/IGHV4-4/IGHV1-3/IGHV3-53/IGHV2-70/IGKV3D-11/IGHV4-39/IGLC6/IGHV3-72";69
"GO:0002920";"GO:0002920";"regulation of humoral immune response";"48/265";"112/15262";1.8651763573797e-55;4.40554655613085e-53;3.98166068712213e-53;"IGHG1/IGHV4-59/IGKV4-1/IGKC/IGLC2/IGLV3-25/IGHV4-34/IGLV2-14/IGKV1-16/IGLV3-19/IGKV5-2/IGHV3-11/IGHV3-33/IGHV3-23/IGLC3/IGLV1-40/IGKV1-5/IGKV3-15/IGLV2-11/IGHG3/IGLV6-57/IGLV1-44/IGLV2-23/IGLV1-47/IGHG2/C1QC/IGHV3-30/IGHV3-7/C1QB/IGKV3-20/IGKV1-17/IGKV1-12/IGHG4/IGKV3D-20/IGLV1-51/IGHV3-48/CLU/IGLV3-21/IGLV3-27/IGKV2-30/IGHV2-5/IGHV1-69/IGLV2-8/IGHV3-53/IGHV2-70/IGKV3D-11/IGHV4-39/IGLC6";48
"GO:0006910";"GO:0006910";"phagocytosis, recognition";"42/265";"80/15262";2.23092979269916e-53;4.79041470032311e-51;4.32949820056832e-51;"IGHG1/IGHV4-59/IGKC/IGHV3-21/IGLC2/IGHV4-34/IGHV1-18/IGHV3-11/IGHV3-33/IGHV3-23/IGHV1-24/IGLC3/IGHV5-51/IGHV4-28/IGHV3-49/IGHG3/IGHG2/IGHV3-66/IGHV3-30/IGHV3-7/IGHV7-4-1/IGHA1/IGHV3-43/IGHV3-20/IGHG4/IGHV4-61/IGHV3-15/IGHV3-64/IGHV3-48/IGHV3-74/IGHV2-5/IGHV6-1/IGHA2/IGHV1-69/IGHV4-4/IGHV1-3/IGHV3-53/IGHV2-70/IGHV4-39/IGLC6/IGHV3-72/PEAR1";42
"GO:0006909";"GO:0006909";"phagocytosis";"68/265";"345/15262";6.35738938999582e-53;1.25134614493084e-50;1.1309461125361e-50;"IGHG1/IGHV4-59/IGKV4-1/IGKC/IGHV3-21/IGLC2/IGLV3-25/IGHV4-34/IGHV1-18/IGLV2-14/IGKV1-16/IGLV3-19/IGKV5-2/IGHV3-11/IGHV3-33/IGHV3-23/IGHV1-24/IGLC3/IGLV1-40/IGKV1-5/IGKV3-15/IGLV2-11/IGHV5-51/IGHV4-28/IGHV3-49/IGHG3/IGLV6-57/IGLV1-44/IGLV2-23/IGLV1-47/IGHG2/IGHV3-66/IGHV3-30/IGHV3-7/TXNDC5/IGHV7-4-1/IGHA1/IGHV3-43/IGKV3-20/IGHV3-20/IGKV1-17/IGKV1-12/IGHG4/IGKV3D-20/IGHV4-61/IGLV1-51/IGHV3-15/IGHV3-64/IGHV3-48/IGLV3-21/IGHV3-74/IGLV3-27/IGKV2-30/IGHV2-5/IGHV6-1/IGHA2/IGHV1-69/IGLV2-8/IGHV4-4/IGHV1-3/IGHV3-53/IGHV2-70/IGKV3D-11/IGHV4-39/IGLC6/IGHV3-72/MET/PEAR1";68
"GO:0002433";"GO:0002433";"immune response-regulating cell surface receptor signaling pathway involved in phagocytosis";"45/265";"128/15262";3.07293312373442e-47;5.18447717018621e-45;4.68564539468677e-45;"IGHG1/IGHV4-59/IGKV4-1/IGKC/IGLC2/IGLV3-25/IGHV4-34/IGLV2-14/IGKV1-16/IGLV3-19/IGKV5-2/IGHV3-11/IGHV3-33/IGHV3-23/IGLC3/IGLV1-40/IGKV1-5/IGKV3-15/IGLV2-11/IGHG3/IGLV6-57/IGLV1-44/IGLV2-23/IGLV1-47/IGHG2/IGHV3-30/IGHV3-7/IGKV3-20/IGKV1-17/IGKV1-12/IGHG4/IGKV3D-20/IGLV1-51/IGHV3-48/IGLV3-21/IGLV3-27/IGKV2-30/IGHV2-5/IGHV1-69/IGLV2-8/IGHV3-53/IGHV2-70/IGKV3D-11/IGHV4-39/IGLC6";45
"GO:0038096";"GO:0038096";"Fc-gamma receptor signaling pathway involved in phagocytosis";"45/265";"128/15262";3.07293312373442e-47;5.18447717018621e-45;4.68564539468677e-45;"IGHG1/IGHV4-59/IGKV4-1/IGKC/IGLC2/IGLV3-25/IGHV4-34/IGLV2-14/IGKV1-16/IGLV3-19/IGKV5-2/IGHV3-11/IGHV3-33/IGHV3-23/IGLC3/IGLV1-40/IGKV1-5/IGKV3-15/IGLV2-11/IGHG3/IGLV6-57/IGLV1-44/IGLV2-23/IGLV1-47/IGHG2/IGHV3-30/IGHV3-7/IGKV3-20/IGKV1-17/IGKV1-12/IGHG4/IGKV3D-20/IGLV1-51/IGHV3-48/IGLV3-21/IGLV3-27/IGKV2-30/IGHV2-5/IGHV1-69/IGLV2-8/IGHV3-53/IGHV2-70/IGKV3D-11/IGHV4-39/IGLC6";45
"GO:0038094";"GO:0038094";"Fc-gamma receptor signaling pathway";"45/265";"129/15262";4.6520843624381e-47;7.32548217605252e-45;6.62065058738559e-45;"IGHG1/IGHV4-59/IGKV4-1/IGKC/IGLC2/IGLV3-25/IGHV4-34/IGLV2-14/IGKV1-16/IGLV3-19/IGKV5-2/IGHV3-11/IGHV3-33/IGHV3-23/IGLC3/IGLV1-40/IGKV1-5/IGKV3-15/IGLV2-11/IGHG3/IGLV6-57/IGLV1-44/IGLV2-23/IGLV1-47/IGHG2/IGHV3-30/IGHV3-7/IGKV3-20/IGKV1-17/IGKV1-12/IGHG4/IGKV3D-20/IGLV1-51/IGHV3-48/IGLV3-21/IGLV3-27/IGKV2-30/IGHV2-5/IGHV1-69/IGLV2-8/IGHV3-53/IGHV2-70/IGKV3D-11/IGHV4-39/IGLC6";45
"GO:0002431";"GO:0002431";"Fc receptor mediated stimulatory signaling pathway";"45/265";"134/15262";3.48335829640986e-46;5.14230768507506e-44;4.64753330599948e-44;"IGHG1/IGHV4-59/IGKV4-1/IGKC/IGLC2/IGLV3-25/IGHV4-34/IGLV2-14/IGKV1-16/IGLV3-19/IGKV5-2/IGHV3-11/IGHV3-33/IGHV3-23/IGLC3/IGLV1-40/IGKV1-5/IGKV3-15/IGLV2-11/IGHG3/IGLV6-57/IGLV1-44/IGLV2-23/IGLV1-47/IGHG2/IGHV3-30/IGHV3-7/IGKV3-20/IGKV1-17/IGKV1-12/IGHG4/IGKV3D-20/IGLV1-51/IGHV3-48/IGLV3-21/IGLV3-27/IGKV2-30/IGHV2-5/IGHV1-69/IGLV2-8/IGHV3-53/IGHV2-70/IGKV3D-11/IGHV4-39/IGLC6";45
"GO:0006911";"GO:0006911";"phagocytosis, engulfment";"41/265";"111/15262";4.29469153423184e-44;5.96709494344448e-42;5.39296249623664e-42;"IGHG1/IGHV4-59/IGKC/IGHV3-21/IGLC2/IGHV4-34/IGHV1-18/IGHV3-11/IGHV3-33/IGHV3-23/IGHV1-24/IGLC3/IGHV5-51/IGHV4-28/IGHV3-49/IGHG3/IGHG2/IGHV3-66/IGHV3-30/IGHV3-7/IGHV7-4-1/IGHA1/IGHV3-43/IGHV3-20/IGHG4/IGHV4-61/IGHV3-15/IGHV3-64/IGHV3-48/IGHV3-74/IGHV2-5/IGHV6-1/IGHA2/IGHV1-69/IGHV4-4/IGHV1-3/IGHV3-53/IGHV2-70/IGHV4-39/IGLC6/IGHV3-72";41
"GO:0099024";"GO:0099024";"plasma membrane invagination";"42/265";"120/15262";5.40058178986709e-44;7.08676343759226e-42;6.40490050868448e-42;"IGHG1/IGHV4-59/AURKB/IGKC/IGHV3-21/IGLC2/IGHV4-34/IGHV1-18/IGHV3-11/IGHV3-33/IGHV3-23/IGHV1-24/IGLC3/IGHV5-51/IGHV4-28/IGHV3-49/IGHG3/IGHG2/IGHV3-66/IGHV3-30/IGHV3-7/IGHV7-4-1/IGHA1/IGHV3-43/IGHV3-20/IGHG4/IGHV4-61/IGHV3-15/IGHV3-64/IGHV3-48/IGHV3-74/IGHV2-5/IGHV6-1/IGHA2/IGHV1-69/IGHV4-4/IGHV1-3/IGHV3-53/IGHV2-70/IGHV4-39/IGLC6/IGHV3-72";42
"GO:0002377";"GO:0002377";"immunoglobulin production";"48/265";"179/15262";6.11849356173512e-44;7.60625357516755e-42;6.87440717074727e-42;"IGLV4-69/MZB1/IGKV4-1/IGKC/IGLV3-25/IGLV2-14/IGKV1-16/IGLV7-46/IGLV3-19/IGKV5-2/IGLV3-16/POLQ/IGLV1-40/IGKV1-5/IGKV3-15/IGLV2-11/IGLV3-10/EXO1/IGLV6-57/IGLV1-44/IGLV2-23/IGLV9-49/IGKV1-6/IGLV4-60/IGLV1-47/IGKV3-20/IGKV1-17/IGKV1-12/IGKV1-27/IGKV3D-20/IGKV2-24/IGLV1-51/IGLV5-45/IGLV3-21/IGLV8-61/IGLV5-37/IGLV3-27/IGKV1-9/IGKV1-8/IGKV2-30/IGLV2-8/IGKV1D-17/IGLV10-54/IGKV1D-8/IGKV2D-29/IGKV3D-11/IGLV1-36/IGKV6D-21";48
"GO:0002429";"GO:0002429";"immune response-activating cell surface receptor signaling pathway";"66/265";"447/15262";7.01639940133582e-43;7.89177875521677e-41;7.13246014331281e-41;"IGHG1/IGHV4-59/IGKV4-1/IGKC/IGHV3-21/IGLC2/IGLV3-25/IGHV4-34/IGHV1-18/IGLV2-14/IGKV1-16/IGLV3-19/IGKV5-2/IGHV3-11/IGHV3-33/IGHV3-23/IGHV1-24/IGLC3/IGLV1-40/IGKV1-5/IGKV3-15/IGLV2-11/IGHV5-51/IGHV4-28/IGHV3-49/IGHG3/IGLV6-57/IGLV1-44/IGLV2-23/IGLV1-47/IGHG2/IGHV3-66/IGHV3-30/IGHV3-7/IGHV7-4-1/IGHA1/IGHV3-43/IGKV3-20/IGHV3-20/IGKV1-17/IGKV1-12/IGHG4/IGKV3D-20/IGHV4-61/IGLV1-51/IGHV3-15/IGHV3-64/IGHV3-48/IGLV3-21/IGHV3-74/IGLV3-27/IGKV2-30/IGHV2-5/IGHV6-1/IGHA2/IGHV1-69/HLA-DQB2/IGLV2-8/IGHV4-4/IGHV1-3/IGHV3-53/IGHV2-70/IGKV3D-11/IGHV4-39/IGLC6/IGHV3-72";66
"GO:0002757";"GO:0002757";"immune response-activating signal transduction";"66/265";"447/15262";7.01639940133582e-43;7.89177875521677e-41;7.13246014331281e-41;"IGHG1/IGHV4-59/IGKV4-1/IGKC/IGHV3-21/IGLC2/IGLV3-25/IGHV4-34/IGHV1-18/IGLV2-14/IGKV1-16/IGLV3-19/IGKV5-2/IGHV3-11/IGHV3-33/IGHV3-23/IGHV1-24/IGLC3/IGLV1-40/IGKV1-5/IGKV3-15/IGLV2-11/IGHV5-51/IGHV4-28/IGHV3-49/IGHG3/IGLV6-57/IGLV1-44/IGLV2-23/IGLV1-47/IGHG2/IGHV3-66/IGHV3-30/IGHV3-7/IGHV7-4-1/IGHA1/IGHV3-43/IGKV3-20/IGHV3-20/IGKV1-17/IGKV1-12/IGHG4/IGKV3D-20/IGHV4-61/IGLV1-51/IGHV3-15/IGHV3-64/IGHV3-48/IGLV3-21/IGHV3-74/IGLV3-27/IGKV2-30/IGHV2-5/IGHV6-1/IGHA2/IGHV1-69/HLA-DQB2/IGLV2-8/IGHV4-4/IGHV1-3/IGHV3-53/IGHV2-70/IGKV3D-11/IGHV4-39/IGLC6/IGHV3-72";66
"GO:0050853";"GO:0050853";"B cell receptor signaling pathway";"41/265";"118/15262";8.50500629252976e-43;9.13128402861604e-41;8.25270467045471e-41;"IGHG1/IGHV4-59/IGKC/IGHV3-21/IGLC2/IGHV4-34/IGHV1-18/IGHV3-11/IGHV3-33/IGHV3-23/IGHV1-24/IGLC3/IGHV5-51/IGHV4-28/IGHV3-49/IGHG3/IGHG2/IGHV3-66/IGHV3-30/IGHV3-7/IGHV7-4-1/IGHA1/IGHV3-43/IGHV3-20/IGHG4/IGHV4-61/IGHV3-15/IGHV3-64/IGHV3-48/IGHV3-74/IGHV2-5/IGHV6-1/IGHA2/IGHV1-69/IGHV4-4/IGHV1-3/IGHV3-53/IGHV2-70/IGHV4-39/IGLC6/IGHV3-72";41
"GO:0010324";"GO:0010324";"membrane invagination";"42/265";"128/15262";1.29599587402571e-42;1.3309314149777e-40;1.20287397369525e-40;"IGHG1/IGHV4-59/AURKB/IGKC/IGHV3-21/IGLC2/IGHV4-34/IGHV1-18/IGHV3-11/IGHV3-33/IGHV3-23/IGHV1-24/IGLC3/IGHV5-51/IGHV4-28/IGHV3-49/IGHG3/IGHG2/IGHV3-66/IGHV3-30/IGHV3-7/IGHV7-4-1/IGHA1/IGHV3-43/IGHV3-20/IGHG4/IGHV4-61/IGHV3-15/IGHV3-64/IGHV3-48/IGHV3-74/IGHV2-5/IGHV6-1/IGHA2/IGHV1-69/IGHV4-4/IGHV1-3/IGHV3-53/IGHV2-70/IGHV4-39/IGLC6/IGHV3-72";42
"GO:0002768";"GO:0002768";"immune response-regulating cell surface receptor signaling pathway";"66/265";"481/15262";8.19751013727756e-41;8.06771622677067e-39;7.29146954315741e-39;"IGHG1/IGHV4-59/IGKV4-1/IGKC/IGHV3-21/IGLC2/IGLV3-25/IGHV4-34/IGHV1-18/IGLV2-14/IGKV1-16/IGLV3-19/IGKV5-2/IGHV3-11/IGHV3-33/IGHV3-23/IGHV1-24/IGLC3/IGLV1-40/IGKV1-5/IGKV3-15/IGLV2-11/IGHV5-51/IGHV4-28/IGHV3-49/IGHG3/IGLV6-57/IGLV1-44/IGLV2-23/IGLV1-47/IGHG2/IGHV3-66/IGHV3-30/IGHV3-7/IGHV7-4-1/IGHA1/IGHV3-43/IGKV3-20/IGHV3-20/IGKV1-17/IGKV1-12/IGHG4/IGKV3D-20/IGHV4-61/IGLV1-51/IGHV3-15/IGHV3-64/IGHV3-48/IGLV3-21/IGHV3-74/IGLV3-27/IGKV2-30/IGHV2-5/IGHV6-1/IGHA2/IGHV1-69/HLA-DQB2/IGLV2-8/IGHV4-4/IGHV1-3/IGHV3-53/IGHV2-70/IGKV3D-11/IGHV4-39/IGLC6/IGHV3-72";66
"GO:0002764";"GO:0002764";"immune response-regulating signaling pathway";"66/265";"484/15262";1.22391559889533e-40;1.1563554578363e-38;1.04509508823567e-38;"IGHG1/IGHV4-59/IGKV4-1/IGKC/IGHV3-21/IGLC2/IGLV3-25/IGHV4-34/IGHV1-18/IGLV2-14/IGKV1-16/IGLV3-19/IGKV5-2/IGHV3-11/IGHV3-33/IGHV3-23/IGHV1-24/IGLC3/IGLV1-40/IGKV1-5/IGKV3-15/IGLV2-11/IGHV5-51/IGHV4-28/IGHV3-49/IGHG3/IGLV6-57/IGLV1-44/IGLV2-23/IGLV1-47/IGHG2/IGHV3-66/IGHV3-30/IGHV3-7/IGHV7-4-1/IGHA1/IGHV3-43/IGKV3-20/IGHV3-20/IGKV1-17/IGKV1-12/IGHG4/IGKV3D-20/IGHV4-61/IGLV1-51/IGHV3-15/IGHV3-64/IGHV3-48/IGLV3-21/IGHV3-74/IGLV3-27/IGKV2-30/IGHV2-5/IGHV6-1/IGHA2/IGHV1-69/HLA-DQB2/IGLV2-8/IGHV4-4/IGHV1-3/IGHV3-53/IGHV2-70/IGKV3D-11/IGHV4-39/IGLC6/IGHV3-72";66
"GO:0050871";"GO:0050871";"positive regulation of B cell activation";"41/265";"136/15262";7.18671011374882e-40;6.52884972641335e-38;5.9006672512885e-38;"IGHG1/IGHV4-59/IGKC/IGHV3-21/IGLC2/IGHV4-34/IGHV1-18/IGHV3-11/IGHV3-33/IGHV3-23/IGHV1-24/IGLC3/IGHV5-51/IGHV4-28/IGHV3-49/IGHG3/IGHG2/IGHV3-66/IGHV3-30/IGHV3-7/IGHV7-4-1/IGHA1/IGHV3-43/IGHV3-20/IGHG4/IGHV4-61/IGHV3-15/IGHV3-64/IGHV3-48/IGHV3-74/IGHV2-5/IGHV6-1/IGHA2/IGHV1-69/IGHV4-4/IGHV1-3/IGHV3-53/IGHV2-70/IGHV4-39/IGLC6/IGHV3-72";41
"GO:0042742";"GO:0042742";"defense response to bacterium";"49/265";"236/15262";5.40979377344975e-39;4.73256773810678e-37;4.27721706532401e-37;"IGHG1/IGHV4-59/JCHAIN/IGKC/IGHV3-21/IGLC2/IGHV4-34/IGHV1-18/IGHV3-11/IGHV3-33/IGHV3-23/IGHV1-24/IGLC3/IGHV5-51/IGHV4-28/IGHV3-49/IGHG3/IGHG2/IGHV3-66/IGHV3-30/IGHV3-7/IGHV7-4-1/IGHA1/IGHV3-43/IGKV3-20/IGHV3-20/IGHG4/IGHV4-61/IGHV3-15/IGHV3-64/IGHV3-48/IGHV3-74/IGHV2-5/IGHV6-1/IGHA2/IGHV1-69/IGHV4-4/IGHV1-3/IGHV3-53/IGHV2-70/H2BC11/IGHV4-39/IGLC6/ADAMTS5/LCN2/IGHV3-72/LTF/SELP/PPBP";49
"GO:0006898";"GO:0006898";"receptor-mediated endocytosis";"52/265";"292/15262";8.14035568150216e-38;6.86697147132432e-36;6.2062561361227e-36;"IGHV4-59/IGKV4-1/JCHAIN/IGKC/IGLC2/IGLV3-25/IGHV4-34/IGLV2-14/IGKV1-16/IGLV3-19/IGKV5-2/IGHV3-11/IGHV3-33/IGHV3-23/IGLC3/IGLV1-40/IGKV1-5/IGKV3-15/IGLV2-11/CAV1/IGLV6-57/IGLV1-44/IGLV2-23/IGLV1-47/IGHV3-30/IGHV3-7/IGHA1/IGKV3-20/IGKV1-17/IGKV1-12/IGKV3D-20/IGLV1-51/IGHV3-48/SPARC/CLU/IGLV3-21/IGLV3-27/IGKV2-30/IGHV2-5/HBA1/IGHA2/IGHV1-69/IGLV2-8/SNCA/IGHV3-53/HBB/IGHV2-70/IGKV3D-11/IGHV4-39/HBA2/IGLC6/EGF";52
"GO:0038095";"GO:0038095";"Fc-epsilon receptor signaling pathway";"41/265";"161/15262";1.59990836211564e-36;1.30309777631626e-34;1.17771838779329e-34;"IGHV4-59/IGKV4-1/IGKC/IGLC2/IGLV3-25/IGHV4-34/IGLV2-14/IGKV1-16/IGLV3-19/IGKV5-2/IGHV3-11/IGHV3-33/IGHV3-23/IGLC3/IGLV1-40/IGKV1-5/IGKV3-15/IGLV2-11/IGLV6-57/IGLV1-44/IGLV2-23/IGLV1-47/IGHV3-30/IGHV3-7/IGKV3-20/IGKV1-17/IGKV1-12/IGKV3D-20/IGLV1-51/IGHV3-48/IGLV3-21/IGLV3-27/IGKV2-30/IGHV2-5/IGHV1-69/IGLV2-8/IGHV3-53/IGHV2-70/IGKV3D-11/IGHV4-39/IGLC6";41
"GO:0050864";"GO:0050864";"regulation of B cell activation";"42/265";"177/15262";5.20813544434149e-36;4.10053863984487e-34;3.70599953723668e-34;"IGHG1/IGHV4-59/MZB1/IGKC/IGHV3-21/IGLC2/IGHV4-34/IGHV1-18/IGHV3-11/IGHV3-33/IGHV3-23/IGHV1-24/IGLC3/IGHV5-51/IGHV4-28/IGHV3-49/IGHG3/IGHG2/IGHV3-66/IGHV3-30/IGHV3-7/IGHV7-4-1/IGHA1/IGHV3-43/IGHV3-20/IGHG4/IGHV4-61/IGHV3-15/IGHV3-64/IGHV3-48/IGHV3-74/IGHV2-5/IGHV6-1/IGHA2/IGHV1-69/IGHV4-4/IGHV1-3/IGHV3-53/IGHV2-70/IGHV4-39/IGLC6/IGHV3-72";42
"GO:0002440";"GO:0002440";"production of molecular mediator of immune response";"48/265";"261/15262";1.43556845838626e-35;1.09381054797044e-33;9.88568024994004e-34;"IGLV4-69/MZB1/IGKV4-1/IGKC/IGLV3-25/IGLV2-14/IGKV1-16/IGLV7-46/IGLV3-19/IGKV5-2/IGLV3-16/POLQ/IGLV1-40/IGKV1-5/IGKV3-15/IGLV2-11/IGLV3-10/EXO1/IGLV6-57/IGLV1-44/IGLV2-23/IGLV9-49/IGKV1-6/IGLV4-60/IGLV1-47/IGKV3-20/IGKV1-17/IGKV1-12/IGKV1-27/IGKV3D-20/IGKV2-24/IGLV1-51/IGLV5-45/IGLV3-21/IGLV8-61/IGLV5-37/IGLV3-27/IGKV1-9/IGKV1-8/IGKV2-30/IGLV2-8/IGKV1D-17/IGLV10-54/IGKV1D-8/IGKV2D-29/IGKV3D-11/IGLV1-36/IGKV6D-21";48
"GO:0038093";"GO:0038093";"Fc receptor signaling pathway";"45/265";"229/15262";1.11669936901521e-34;8.2426372175435e-33;7.44956026435145e-33;"IGHG1/IGHV4-59/IGKV4-1/IGKC/IGLC2/IGLV3-25/IGHV4-34/IGLV2-14/IGKV1-16/IGLV3-19/IGKV5-2/IGHV3-11/IGHV3-33/IGHV3-23/IGLC3/IGLV1-40/IGKV1-5/IGKV3-15/IGLV2-11/IGHG3/IGLV6-57/IGLV1-44/IGLV2-23/IGLV1-47/IGHG2/IGHV3-30/IGHV3-7/IGKV3-20/IGKV1-17/IGKV1-12/IGHG4/IGKV3D-20/IGLV1-51/IGHV3-48/IGLV3-21/IGLV3-27/IGKV2-30/IGHV2-5/IGHV1-69/IGLV2-8/IGHV3-53/IGHV2-70/IGKV3D-11/IGHV4-39/IGLC6";45
"GO:0008037";"GO:0008037";"cell recognition";"42/265";"193/15262";2.51782068941179e-34;1.80214923284565e-32;1.6287529053037e-32;"IGHG1/IGHV4-59/IGKC/IGHV3-21/IGLC2/IGHV4-34/IGHV1-18/IGHV3-11/IGHV3-33/IGHV3-23/IGHV1-24/IGLC3/IGHV5-51/IGHV4-28/IGHV3-49/IGHG3/IGHG2/IGHV3-66/IGHV3-30/IGHV3-7/IGHV7-4-1/IGHA1/IGHV3-43/IGHV3-20/IGHG4/IGHV4-61/IGHV3-15/IGHV3-64/IGHV3-48/IGHV3-74/IGHV2-5/IGHV6-1/IGHA2/IGHV1-69/IGHV4-4/IGHV1-3/IGHV3-53/IGHV2-70/IGHV4-39/IGLC6/IGHV3-72/PEAR1";42
"GO:0050900";"GO:0050900";"leukocyte migration";"52/265";"459/15262";7.89119483790683e-28;5.48205947268704e-26;4.95459539667958e-26;"IGHV4-59/IGKV4-1/JCHAIN/SDC1/IGKC/IGLC2/IGLV3-25/IGHV4-34/IGLV2-14/IGKV1-16/IGLV3-19/IGKV5-2/IGHV3-11/IGHV3-33/IGHV3-23/IGLC3/IGLV1-40/IGKV1-5/IGKV3-15/IGLV2-11/CAV1/IGLV6-57/IGLV1-44/IGLV2-23/IGLV1-47/IGHV3-30/IGHV3-7/IGHA1/IGKV3-20/IGKV1-17/IGKV1-12/IGKV3D-20/IGLV1-51/IGHV3-48/IGLV3-21/IGLV3-27/IGKV2-30/IGHV2-5/IGHA2/IGHV1-69/IGLV2-8/PF4V1/IGHV3-53/ITGA2B/IGHV2-70/IGKV3D-11/IGHV4-39/IGLC6/SELP/CCL7/PPBP/GRB14";52
"GO:0002697";"GO:0002697";"regulation of immune effector process";"50/265";"420/15262";9.19871255934845e-28;6.20781687576601e-26;5.6105230286793e-26;"IGHG1/IGHV4-59/MZB1/IGKV4-1/IGKC/IGLC2/IGLV3-25/IGHV4-34/IGLV2-14/IGKV1-16/IGLV3-19/IGKV5-2/IGHV3-11/IGHV3-33/IGHV3-23/IGLC3/IGLV1-40/IGKV1-5/IGKV3-15/IGLV2-11/IFIT1B/IGHG3/IGLV6-57/IGLV1-44/IGLV2-23/IGLV1-47/IGHG2/C1QC/IGHV3-30/IGHV3-7/C1QB/IGKV3-20/IGKV1-17/IGKV1-12/IGHG4/IGKV3D-20/IGLV1-51/IGHV3-48/CLU/IGLV3-21/IGLV3-27/IGKV2-30/IGHV2-5/IGHV1-69/IGLV2-8/IGHV3-53/IGHV2-70/IGKV3D-11/IGHV4-39/IGLC6";50
"GO:0042113";"GO:0042113";"B cell activation";"43/265";"293/15262";1.20174742096379e-27;7.88479835643466e-26;7.12615137343442e-26;"IGHG1/IGHV4-59/MZB1/IGKC/IGHV3-21/IGLC2/IGHV4-34/IGHV1-18/IGHV3-11/IGHV3-33/IGHV3-23/IGHV1-24/IGLC3/EXO1/IGHV5-51/IGHV4-28/IGHV3-49/IGHG3/IGHG2/IGHV3-66/IGHV3-30/IGHV3-7/IGHV7-4-1/IGHA1/IGHV3-43/IGHV3-20/IGHG4/IGHV4-61/IGHV3-15/IGHV3-64/IGHV3-48/IGHV3-74/IGHV2-5/IGHV6-1/IGHA2/IGHV1-69/IGHV4-4/IGHV1-3/IGHV3-53/IGHV2-70/IGHV4-39/IGLC6/IGHV3-72";43
"GO:0050851";"GO:0050851";"antigen receptor-mediated signaling pathway";"42/265";"304/15262";6.14685448005165e-26;3.92401899510325e-24;3.54646397881785e-24;"IGHG1/IGHV4-59/IGKC/IGHV3-21/IGLC2/IGHV4-34/IGHV1-18/IGHV3-11/IGHV3-33/IGHV3-23/IGHV1-24/IGLC3/IGHV5-51/IGHV4-28/IGHV3-49/IGHG3/IGHG2/IGHV3-66/IGHV3-30/IGHV3-7/IGHV7-4-1/IGHA1/IGHV3-43/IGHV3-20/IGHG4/IGHV4-61/IGHV3-15/IGHV3-64/IGHV3-48/IGHV3-74/IGHV2-5/IGHV6-1/IGHA2/IGHV1-69/HLA-DQB2/IGHV4-4/IGHV1-3/IGHV3-53/IGHV2-70/IGHV4-39/IGLC6/IGHV3-72";42
"GO:0051251";"GO:0051251";"positive regulation of lymphocyte activation";"42/265";"332/15262";2.14542450211008e-24;1.33355070368e-22;1.20524124384466e-22;"IGHG1/IGHV4-59/IGKC/IGHV3-21/IGLC2/IGHV4-34/IGHV1-18/IGHV3-11/IGHV3-33/IGHV3-23/IGHV1-24/IGLC3/CAV1/IGHV5-51/IGHV4-28/IGHV3-49/IGHG3/IGHG2/IGHV3-66/IGHV3-30/IGHV3-7/IGHV7-4-1/IGHA1/IGHV3-43/IGHV3-20/IGHG4/IGHV4-61/IGHV3-15/IGHV3-64/IGHV3-48/IGHV3-74/IGHV2-5/IGHV6-1/IGHA2/IGHV1-69/IGHV4-4/IGHV1-3/IGHV3-53/IGHV2-70/IGHV4-39/IGLC6/IGHV3-72";42
"GO:0050867";"GO:0050867";"positive regulation of cell activation";"43/265";"380/15262";5.23751754360511e-23;3.17205549692186e-21;2.86685170807858e-21;"IGHG1/IGHV4-59/IGKC/IGHV3-21/IGLC2/IGHV4-34/IGHV1-18/IGHV3-11/IGHV3-33/IGHV3-23/IGHV1-24/IGLC3/CAV1/IGHV5-51/IGHV4-28/IGHV3-49/IGHG3/IGHG2/IGHV3-66/IGHV3-30/IGHV3-7/IGHV7-4-1/IGHA1/IGHV3-43/IGHV3-20/IGHG4/IGHV4-61/IGHV3-15/IGHV3-64/IGHV3-48/IGHV3-74/IGHV2-5/IGHV6-1/IGHA2/IGHV1-69/IGHV4-4/IGHV1-3/IGHV3-53/IGHV2-70/IGHV4-39/IGLC6/IGHV3-72/SELP";43
"GO:0002696";"GO:0002696";"positive regulation of leukocyte activation";"42/265";"370/15262";1.55546820358366e-22;9.18503974216154e-21;8.30128820228335e-21;"IGHG1/IGHV4-59/IGKC/IGHV3-21/IGLC2/IGHV4-34/IGHV1-18/IGHV3-11/IGHV3-33/IGHV3-23/IGHV1-24/IGLC3/CAV1/IGHV5-51/IGHV4-28/IGHV3-49/IGHG3/IGHG2/IGHV3-66/IGHV3-30/IGHV3-7/IGHV7-4-1/IGHA1/IGHV3-43/IGHV3-20/IGHG4/IGHV4-61/IGHV3-15/IGHV3-64/IGHV3-48/IGHV3-74/IGHV2-5/IGHV6-1/IGHA2/IGHV1-69/IGHV4-4/IGHV1-3/IGHV3-53/IGHV2-70/IGHV4-39/IGLC6/IGHV3-72";42
"GO:0140014";"GO:0140014";"mitotic nuclear division";"35/265";"286/15262";5.98267414815993e-20;3.44660398486677e-18;3.11498412643603e-18;"CDC20/PLK1/UBE2C/CDT1/MKI67/PKMYT1/AURKB/CCNB2/MYBL2/CDCA5/DLGAP5/TPX2/KIF4A/NCAPG/CDC6/ZWINT/ESPL1/BUB1/KIF2C/KIFC1/TRIP13/ANLN/CCNB1/KIF14/CDK1/CENPF/BUB1B/TTK/KIF18B/KIF11/NCAPH/NUF2/NEK2/CDC25C/EGF";35
"GO:0051249";"GO:0051249";"regulation of lymphocyte activation";"43/265";"471/15262";2.3037682752183e-19;1.29559539668229e-17;1.17093786018614e-17;"IGHG1/IGHV4-59/MZB1/IGKC/IGHV3-21/IGLC2/IGHV4-34/IGHV1-18/IGHV3-11/IGHV3-33/IGHV3-23/IGHV1-24/IGLC3/CAV1/IGHV5-51/IGHV4-28/IGHV3-49/IGHG3/IGHG2/IGHV3-66/IGHV3-30/IGHV3-7/IGHV7-4-1/IGHA1/IGHV3-43/IGHV3-20/IGHG4/IGHV4-61/IGHV3-15/IGHV3-64/IGHV3-48/IGHV3-74/IGHV2-5/IGHV6-1/IGHA2/IGHV1-69/IGHV4-4/IGHV1-3/IGHV3-53/IGHV2-70/IGHV4-39/IGLC6/IGHV3-72";43
"GO:0007059";"GO:0007059";"chromosome segregation";"35/265";"314/15262";1.26357703764451e-18;6.94085805329382e-17;6.27303361650692e-17;"CDCA2/CDC20/HJURP/PLK1/UBE2C/CDT1/MKI67/BIRC5/AURKB/CDCA5/DLGAP5/KIF4A/NCAPG/SPC25/CDC6/ZWINT/SKA3/TOP2A/ESPL1/SKA1/ESCO2/BUB1/KIF2C/KIFC1/TRIP13/CCNB1/KIF14/CENPF/BUB1B/TTK/KIF18B/NCAPH/NUF2/KNL1/NEK2";35
"GO:0000280";"GO:0000280";"nuclear division";"38/265";"407/15262";1.65380119991318e-17;8.87790553226123e-16;8.02370534311947e-16;"CDC20/PLK1/UBE2C/CDT1/MKI67/PKMYT1/AURKB/CCNB2/MYBL2/CDCA5/DLGAP5/TPX2/KIF4A/NCAPG/CDC6/ZWINT/TOP2A/RAD54L/RAD51/ESPL1/BUB1/KIF2C/KIFC1/TRIP13/ANLN/CCNB1/KIF14/CDK1/CENPF/BUB1B/TTK/KIF18B/KIF11/NCAPH/NUF2/NEK2/CDC25C/EGF";38
"GO:0000819";"GO:0000819";"sister chromatid segregation";"27/265";"189/15262";2.47426254497279e-17;1.29871291805016e-15;1.17375542484323e-15;"CDC20/PLK1/UBE2C/CDT1/AURKB/CDCA5/DLGAP5/KIF4A/NCAPG/CDC6/ZWINT/TOP2A/ESPL1/ESCO2/BUB1/KIF2C/KIFC1/TRIP13/CCNB1/KIF14/CENPF/BUB1B/TTK/KIF18B/NCAPH/NUF2/NEK2";27
"GO:0000070";"GO:0000070";"mitotic sister chromatid segregation";"25/265";"161/15262";5.18003567548494e-17;2.65983570989031e-15;2.40391586953855e-15;"CDC20/PLK1/UBE2C/CDT1/AURKB/CDCA5/DLGAP5/KIF4A/NCAPG/CDC6/ZWINT/ESPL1/BUB1/KIF2C/KIFC1/TRIP13/CCNB1/KIF14/CENPF/BUB1B/TTK/KIF18B/NCAPH/NUF2/NEK2";25
"GO:0048285";"GO:0048285";"organelle fission";"38/265";"457/15262";7.82254705455684e-16;3.93124598784325e-14;3.55299561626904e-14;"CDC20/PLK1/UBE2C/CDT1/MKI67/PKMYT1/AURKB/CCNB2/MYBL2/CDCA5/DLGAP5/TPX2/KIF4A/NCAPG/CDC6/ZWINT/TOP2A/RAD54L/RAD51/ESPL1/BUB1/KIF2C/KIFC1/TRIP13/ANLN/CCNB1/KIF14/CDK1/CENPF/BUB1B/TTK/KIF18B/KIF11/NCAPH/NUF2/NEK2/CDC25C/EGF";38
"GO:0098813";"GO:0098813";"nuclear chromosome segregation";"28/265";"253/15262";5.26830393385557e-15;2.59244456078476e-13;2.34300885479366e-13;"CDC20/PLK1/UBE2C/CDT1/AURKB/CDCA5/DLGAP5/KIF4A/NCAPG/CDC6/ZWINT/TOP2A/ESPL1/ESCO2/BUB1/KIF2C/KIFC1/TRIP13/CCNB1/KIF14/CENPF/BUB1B/TTK/KIF18B/NCAPH/NUF2/KNL1/NEK2";28
"GO:0030071";"GO:0030071";"regulation of mitotic metaphase/anaphase transition";"15/265";"58/15262";4.04052173848101e-14;1.94769639720248e-12;1.76029604417604e-12;"CDC20/PLK1/UBE2C/CDT1/AURKB/DLGAP5/CDC6/ZWINT/ESPL1/BUB1/TRIP13/CCNB1/CENPF/BUB1B/TTK";15
"GO:0051983";"GO:0051983";"regulation of chromosome segregation";"17/265";"82/15262";4.19161309080884e-14;1.9801180240981e-12;1.78959817856007e-12;"CDC20/PLK1/UBE2C/CDT1/MKI67/AURKB/DLGAP5/CDC6/ZWINT/ESPL1/BUB1/KIF2C/TRIP13/CCNB1/CENPF/BUB1B/TTK";17
"GO:1902099";"GO:1902099";"regulation of metaphase/anaphase transition of cell cycle";"15/265";"59/15262";5.33469513033152e-14;2.4706960584006e-12;2.23297455610162e-12;"CDC20/PLK1/UBE2C/CDT1/AURKB/DLGAP5/CDC6/ZWINT/ESPL1/BUB1/TRIP13/CCNB1/CENPF/BUB1B/TTK";15
"GO:0007091";"GO:0007091";"metaphase/anaphase transition of mitotic cell cycle";"15/265";"60/15262";7.00359777231324e-14;3.18124960350075e-12;2.87516119073912e-12;"CDC20/PLK1/UBE2C/CDT1/AURKB/DLGAP5/CDC6/ZWINT/ESPL1/BUB1/TRIP13/CCNB1/CENPF/BUB1B/TTK";15
"GO:0044784";"GO:0044784";"metaphase/anaphase transition of cell cycle";"15/265";"61/15262";9.14462889833012e-14;4.07539876563316e-12;3.6832785314426e-12;"CDC20/PLK1/UBE2C/CDT1/AURKB/DLGAP5/CDC6/ZWINT/ESPL1/BUB1/TRIP13/CCNB1/CENPF/BUB1B/TTK";15
"GO:0010965";"GO:0010965";"regulation of mitotic sister chromatid separation";"15/265";"62/15262";1.18777132814541e-13;5.19539977236935e-12;4.69551706331166e-12;"CDC20/PLK1/UBE2C/CDT1/AURKB/DLGAP5/CDC6/ZWINT/ESPL1/BUB1/TRIP13/CCNB1/CENPF/BUB1B/TTK";15
"GO:0007088";"GO:0007088";"regulation of mitotic nuclear division";"18/265";"102/15262";1.42163602010647e-13;6.10528050816635e-12;5.51785234215489e-12;"CDC20/PLK1/CDT1/MKI67/PKMYT1/AURKB/DLGAP5/ZWINT/ESPL1/BUB1/TRIP13/CCNB1/CENPF/BUB1B/TTK/NEK2/CDC25C/EGF";18
"GO:0051306";"GO:0051306";"mitotic sister chromatid separation";"15/265";"64/15262";1.97406744934901e-13;8.32633449171851e-12;7.52520448736803e-12;"CDC20/PLK1/UBE2C/CDT1/AURKB/DLGAP5/CDC6/ZWINT/ESPL1/BUB1/TRIP13/CCNB1/CENPF/BUB1B/TTK";15
"GO:0007093";"GO:0007093";"mitotic cell cycle checkpoint";"21/265";"157/15262";3.72517789432463e-13;1.54366143620961e-11;1.39513587621244e-11;"CDC20/PLK1/CDT1/AURKB/GTSE1/E2F8/CDC6/ZWINT/CLSPN/BUB1/TRIP13/CCNB1/CDK1/CENPF/BUB1B/TTK/ORC1/E2F1/CDC25C/E2F7/TICRR";21
"GO:0033045";"GO:0033045";"regulation of sister chromatid segregation";"15/265";"67/15262";4.08479011207567e-13;1.63530071944453e-11;1.4779579566975e-11;"CDC20/PLK1/UBE2C/CDT1/AURKB/DLGAP5/CDC6/ZWINT/ESPL1/BUB1/TRIP13/CCNB1/CENPF/BUB1B/TTK";15
"GO:1905818";"GO:1905818";"regulation of chromosome separation";"15/265";"67/15262";4.08479011207567e-13;1.63530071944453e-11;1.4779579566975e-11;"CDC20/PLK1/UBE2C/CDT1/AURKB/DLGAP5/CDC6/ZWINT/ESPL1/BUB1/TRIP13/CCNB1/CENPF/BUB1B/TTK";15
"GO:1901990";"GO:1901990";"regulation of mitotic cell cycle phase transition";"32/265";"403/15262";6.39572951929124e-13;2.51778552076099e-11;2.2755332394952e-11;"CDC20/PLK1/UBE2C/CDT1/AURKB/GTSE1/CDCA5/DLGAP5/TPX2/DTL/E2F8/CDC6/ZWINT/ESPL1/HMMR/CLSPN/BUB1/CDC25A/TRIP13/ANLN/CCNB1/KIF14/CDK1/CENPF/BUB1B/TTK/ORC1/E2F1/NEK2/CDC25C/E2F7/TICRR";32
"GO:0000075";"GO:0000075";"cell cycle checkpoint";"23/265";"205/15262";1.19427619183632e-12;4.62439404117606e-11;4.17945145305274e-11;"CDC20/PLK1/CDT1/AURKB/GTSE1/DTL/E2F8/CDC6/ZWINT/CLSPN/BUB1/CDC45/TRIP13/CCNB1/CDK1/CENPF/BUB1B/TTK/ORC1/E2F1/CDC25C/E2F7/TICRR";23
"GO:0051304";"GO:0051304";"chromosome separation";"16/265";"88/15262";2.05666843356885e-12;7.83524329046714e-11;7.08136431795863e-11;"CDC20/PLK1/UBE2C/CDT1/AURKB/DLGAP5/CDC6/ZWINT/TOP2A/ESPL1/BUB1/TRIP13/CCNB1/CENPF/BUB1B/TTK";16
"GO:1901987";"GO:1901987";"regulation of cell cycle phase transition";"32/265";"433/15262";4.40981948696619e-12;1.65333232193875e-10;1.49425462315245e-10;"CDC20/PLK1/UBE2C/CDT1/AURKB/GTSE1/CDCA5/DLGAP5/TPX2/DTL/E2F8/CDC6/ZWINT/ESPL1/HMMR/CLSPN/BUB1/CDC25A/TRIP13/ANLN/CCNB1/KIF14/CDK1/CENPF/BUB1B/TTK/ORC1/E2F1/NEK2/CDC25C/E2F7/TICRR";32
"GO:0051783";"GO:0051783";"regulation of nuclear division";"18/265";"124/15262";4.57933525356215e-12;1.69006091701778e-10;1.5274493247079e-10;"CDC20/PLK1/CDT1/MKI67/PKMYT1/AURKB/DLGAP5/ZWINT/ESPL1/BUB1/TRIP13/CCNB1/CENPF/BUB1B/TTK/NEK2/CDC25C/EGF";18
"GO:0007094";"GO:0007094";"mitotic spindle assembly checkpoint";"11/265";"37/15262";2.01626678715098e-11;7.1080927630606e-10;6.42417760305134e-10;"CDC20/PLK1/CDT1/AURKB/ZWINT/BUB1/TRIP13/CCNB1/CENPF/BUB1B/TTK";11
"GO:0071173";"GO:0071173";"spindle assembly checkpoint";"11/265";"37/15262";2.01626678715098e-11;7.1080927630606e-10;6.42417760305134e-10;"CDC20/PLK1/CDT1/AURKB/ZWINT/BUB1/TRIP13/CCNB1/CENPF/BUB1B/TTK";11
"GO:0071174";"GO:0071174";"mitotic spindle checkpoint";"11/265";"37/15262";2.01626678715098e-11;7.1080927630606e-10;6.42417760305134e-10;"CDC20/PLK1/CDT1/AURKB/ZWINT/BUB1/TRIP13/CCNB1/CENPF/BUB1B/TTK";11
"GO:0031577";"GO:0031577";"spindle checkpoint";"11/265";"38/15262";2.79444379442787e-11;9.70658270946857e-10;8.77265017817294e-10;"CDC20/PLK1/CDT1/AURKB/ZWINT/BUB1/TRIP13/CCNB1/CENPF/BUB1B/TTK";11
"GO:0045841";"GO:0045841";"negative regulation of mitotic metaphase/anaphase transition";"11/265";"39/15262";3.83292103984759e-11;1.3120810863942e-09;1.18583735603523e-09;"CDC20/PLK1/CDT1/AURKB/ZWINT/BUB1/TRIP13/CCNB1/CENPF/BUB1B/TTK";11
"GO:1902100";"GO:1902100";"negative regulation of metaphase/anaphase transition of cell cycle";"11/265";"40/15262";5.20619167973871e-11;1.75671782107755e-09;1.58769274082859e-09;"CDC20/PLK1/CDT1/AURKB/ZWINT/BUB1/TRIP13/CCNB1/CENPF/BUB1B/TTK";11
"GO:0033046";"GO:0033046";"negative regulation of sister chromatid segregation";"11/265";"41/15262";7.00666598779197e-11;2.26708836481707e-09;2.0489572636254e-09;"CDC20/PLK1/CDT1/AURKB/ZWINT/BUB1/TRIP13/CCNB1/CENPF/BUB1B/TTK";11
"GO:0033048";"GO:0033048";"negative regulation of mitotic sister chromatid segregation";"11/265";"41/15262";7.00666598779197e-11;2.26708836481707e-09;2.0489572636254e-09;"CDC20/PLK1/CDT1/AURKB/ZWINT/BUB1/TRIP13/CCNB1/CENPF/BUB1B/TTK";11
"GO:2000816";"GO:2000816";"negative regulation of mitotic sister chromatid separation";"11/265";"41/15262";7.00666598779197e-11;2.26708836481707e-09;2.0489572636254e-09;"CDC20/PLK1/CDT1/AURKB/ZWINT/BUB1/TRIP13/CCNB1/CENPF/BUB1B/TTK";11
"GO:0051985";"GO:0051985";"negative regulation of chromosome segregation";"11/265";"42/15262";9.3482010438033e-11;2.94406011539512e-09;2.66079322341517e-09;"CDC20/PLK1/CDT1/AURKB/ZWINT/BUB1/TRIP13/CCNB1/CENPF/BUB1B/TTK";11
"GO:1905819";"GO:1905819";"negative regulation of chromosome separation";"11/265";"42/15262";9.3482010438033e-11;2.94406011539512e-09;2.66079322341517e-09;"CDC20/PLK1/CDT1/AURKB/ZWINT/BUB1/TRIP13/CCNB1/CENPF/BUB1B/TTK";11
"GO:0010948";"GO:0010948";"negative regulation of cell cycle process";"26/265";"326/15262";9.71718202838243e-11;3.01999788829464e-09;2.7294245365041e-09;"CDC20/PLK1/CDT1/RRM2/AURKB/GTSE1/DTL/E2F8/CDC6/ZWINT/RAD51/ESPL1/CLSPN/BUB1/TRIP13/CCNB1/CDK1/CENPF/BUB1B/TTK/ORC1/E2F1/NEK2/CDC25C/E2F7/TICRR";26
"GO:0033047";"GO:0033047";"regulation of mitotic sister chromatid segregation";"11/265";"44/15262";1.62421848703446e-10;4.98234294334467e-09;4.50295979727394e-09;"CDC20/PLK1/CDT1/AURKB/ZWINT/BUB1/TRIP13/CCNB1/CENPF/BUB1B/TTK";11
"GO:1901988";"GO:1901988";"negative regulation of cell cycle phase transition";"22/265";"242/15262";2.40813251589278e-10;7.29231923402402e-09;6.59067846454865e-09;"CDC20/PLK1/CDT1/AURKB/GTSE1/DTL/E2F8/CDC6/ZWINT/CLSPN/BUB1/TRIP13/CCNB1/CDK1/CENPF/BUB1B/TTK/ORC1/E2F1/CDC25C/E2F7/TICRR";22
"GO:0045839";"GO:0045839";"negative regulation of mitotic nuclear division";"11/265";"47/15262";3.52253099133529e-10;1.05319217740936e-08;9.5185780818494e-09;"CDC20/PLK1/CDT1/AURKB/ZWINT/BUB1/TRIP13/CCNB1/CENPF/BUB1B/TTK";11
"GO:1901991";"GO:1901991";"negative regulation of mitotic cell cycle phase transition";"21/265";"228/15262";4.92375317743501e-10;1.45373812563769e-08;1.31386466366292e-08;"CDC20/PLK1/CDT1/AURKB/GTSE1/E2F8/CDC6/ZWINT/CLSPN/BUB1/TRIP13/CCNB1/CDK1/CENPF/BUB1B/TTK/ORC1/E2F1/CDC25C/E2F7/TICRR";21
"GO:0051784";"GO:0051784";"negative regulation of nuclear division";"11/265";"52/15262";1.13136389815853e-09;3.29911299685239e-08;2.98168419163806e-08;"CDC20/PLK1/CDT1/AURKB/ZWINT/BUB1/TRIP13/CCNB1/CENPF/BUB1B/TTK";11
"GO:0015669";"GO:0015669";"gas transport";"7/265";"14/15262";1.36014679702373e-09;3.91788626167079e-08;3.5409213149732e-08;"HBM/HBD/HBQ1/HBA1/HBB/HBA2/RHAG";7
"GO:0044839";"GO:0044839";"cell cycle G2/M phase transition";"22/265";"268/15262";1.67745924073181e-09;4.77368521278137e-08;4.31437836424111e-08;"PLK1/CCNA2/FOXM1/PKMYT1/AURKB/CCNB2/GTSE1/TPX2/DTL/CDC6/HMMR/MELK/CLSPN/CDC25A/CCNB1/KIF14/CDK1/CENPF/ORC1/NEK2/CDC25C/TICRR";22
"GO:0000086";"GO:0000086";"G2/M transition of mitotic cell cycle";"21/265";"250/15262";2.64130601371662e-09;7.42710095761746e-08;6.71249197470841e-08;"PLK1/CCNA2/FOXM1/PKMYT1/AURKB/CCNB2/TPX2/DTL/CDC6/HMMR/MELK/CLSPN/CDC25A/CCNB1/KIF14/CDK1/CENPF/ORC1/NEK2/CDC25C/TICRR";21
"GO:2001251";"GO:2001251";"negative regulation of chromosome organization";"13/265";"87/15262";3.16957829166321e-09;8.80769873518647e-08;7.96025359194179e-08;"CDC20/PLK1/CDT1/AURKB/ZWINT/TOP2A/ESPL1/BUB1/TRIP13/CCNB1/CENPF/BUB1B/TTK";13
"GO:1902850";"GO:1902850";"microtubule cytoskeleton organization involved in mitosis";"16/265";"144/15262";4.10370550066766e-09;1.12708748750895e-07;1.01864317690992e-07;"CDC20/PLK1/AURKB/CENPA/MYBL2/DLGAP5/TPX2/KIF4A/SPC25/ESPL1/KIFC1/CCNB1/TTK/KIF11/NUF2/NEK2";16
"GO:0015671";"GO:0015671";"oxygen transport";"6/265";"10/15262";5.13148789254073e-09;1.39316947151508e-07;1.25912370793377e-07;"HBM/HBD/HBQ1/HBA1/HBB/HBA2";6
"GO:0006260";"GO:0006260";"DNA replication";"21/265";"276/15262";1.53292537742712e-08;4.11451106986689e-07;3.71862759021795e-07;"CCNA2/CDT1/MCM10/RRM2/GINS2/DTL/E2F8/CDC6/RAD51/CLSPN/ESCO2/POLQ/CDC45/PCLAF/CDK1/EXO1/ORC1/POLE2/E2F7/TICRR/EGF";21
"GO:0007051";"GO:0007051";"spindle organization";"17/265";"181/15262";1.7344537268222e-08;4.60312326152138e-07;4.1602272714316e-07;"CDC20/PLK1/AURKB/CCNB2/MYBL2/DLGAP5/TPX2/KIF4A/SPC25/ASPM/ESPL1/KIFC1/CCNB1/TTK/KIF11/NUF2/NEK2";17
"GO:0007052";"GO:0007052";"mitotic spindle organization";"14/265";"119/15262";1.87071080825318e-08;4.90957658788223e-07;4.43719475922508e-07;"CDC20/PLK1/AURKB/MYBL2/DLGAP5/TPX2/KIF4A/SPC25/KIFC1/CCNB1/TTK/KIF11/NUF2/NEK2";14
"GO:0045930";"GO:0045930";"negative regulation of mitotic cell cycle";"21/265";"294/15262";4.59032690230102e-08;1.19146726848736e-06;1.07682856655482e-06;"CDC20/PLK1/CDT1/AURKB/GTSE1/E2F8/CDC6/ZWINT/CLSPN/BUB1/TRIP13/CCNB1/CDK1/CENPF/BUB1B/TTK/ORC1/E2F1/CDC25C/E2F7/TICRR";21
"GO:0031570";"GO:0031570";"DNA integrity checkpoint";"15/265";"154/15262";7.54782025047265e-08;1.93782080778439e-06;1.75137064850784e-06;"PLK1/CDT1/GTSE1/DTL/E2F8/CDC6/CLSPN/CDC45/CCNB1/CDK1/ORC1/E2F1/CDC25C/E2F7/TICRR";15
"GO:0000083";"GO:0000083";"regulation of transcription involved in G1/S transition of mitotic cell cycle";"8/265";"34/15262";9.13014429683808e-08;2.31886030420769e-06;2.09574789292446e-06;"CDT1/RRM2/TYMS/CDC6/CDC45/ORC1/E2F1/E2F7";8
"GO:1901992";"GO:1901992";"positive regulation of mitotic cell cycle phase transition";"11/265";"78/15262";9.77783272339784e-08;2.45694052049635e-06;2.22054252665743e-06;"UBE2C/CDT1/CDCA5/DLGAP5/DTL/CDC6/ESPL1/CDC25A/CCNB1/CDK1/CDC25C";11
"GO:0044843";"GO:0044843";"cell cycle G1/S phase transition";"19/265";"261/15262";1.52445183791096e-07;3.7902686748902e-06;3.42558263410906e-06;"CCNA2/CDT1/MCM10/RRM2/GTSE1/TYMS/E2F8/CDC6/CDC45/CDKN3/CDC25A/CCNB1/KIF14/CDK1/ORC1/E2F1/POLE2/CDC25C/E2F7";19
"GO:0071459";"GO:0071459";"protein localization to chromosome, centromeric region";"7/265";"25/15262";1.61751170341986e-07;3.94078351086828e-06;3.56161547307851e-06;"CDT1/AURKB/CENPA/CDK1/BUB1B/TTK/KNL1";7
"GO:0033044";"GO:0033044";"regulation of chromosome organization";"19/265";"262/15262";1.61835732664785e-07;3.94078351086828e-06;3.56161547307851e-06;"CDC20/PLK1/UBE2C/CDT1/AURKB/CDCA5/DLGAP5/CDC6/ZWINT/H1-5/TOP2A/ESPL1/BUB1/TRIP13/CCNB1/CENPF/BUB1B/TTK/NEK2";19
"GO:0090068";"GO:0090068";"positive regulation of cell cycle process";"19/265";"264/15262";1.82225637537944e-07;4.39200975372065e-06;3.96942634722825e-06;"UBE2C/CDT1/AURKB/GTSE1/CDCA5/DLGAP5/DTL/E2F8/CDC6/ESPL1/CDC25A/CCNB1/KIF14/CDK1/E2F1/TP73/CDC25C/E2F7/EGF";19
"GO:1902749";"GO:1902749";"regulation of cell cycle G2/M phase transition";"17/265";"213/15262";1.89522346737538e-07;4.52173518175823e-06;4.08667006043304e-06;"PLK1/AURKB/GTSE1/TPX2/DTL/CDC6/HMMR/CLSPN/CDC25A/CCNB1/KIF14/CDK1/CENPF/ORC1/NEK2/CDC25C/TICRR";17
"GO:0000082";"GO:0000082";"G1/S transition of mitotic cell cycle";"18/265";"244/15262";2.68126241032775e-07;6.33314181319416e-06;5.72378965067862e-06;"CDT1/MCM10/RRM2/GTSE1/TYMS/E2F8/CDC6/CDC45/CDKN3/CDC25A/CCNB1/KIF14/CDK1/ORC1/E2F1/POLE2/CDC25C/E2F7";18
"GO:0000076";"GO:0000076";"DNA replication checkpoint";"6/265";"17/15262";2.72973839431287e-07;6.38380404689802e-06;5.76957734618708e-06;"CDT1/CDC6/CLSPN/CDC45/ORC1/TICRR";6
"GO:0042744";"GO:0042744";"hydrogen peroxide catabolic process";"7/265";"27/15262";2.90065525418473e-07;6.71700755920033e-06;6.07072121309251e-06;"HBM/HBD/HBQ1/HBA1/SNCA/HBB/HBA2";7
"GO:0010389";"GO:0010389";"regulation of G2/M transition of mitotic cell cycle";"16/265";"197/15262";3.45292401100123e-07;7.91825875144166e-06;7.15639232939244e-06;"PLK1/AURKB/TPX2/DTL/CDC6/HMMR/CLSPN/CDC25A/CCNB1/KIF14/CDK1/CENPF/ORC1/NEK2/CDC25C/TICRR";16
"GO:0051321";"GO:0051321";"meiotic cell cycle";"17/265";"223/15262";3.64912983777119e-07;8.28773526616879e-06;7.49031914068823e-06;"CDC20/PLK1/PKMYT1/CCNB2/TOP2A/RAD54L/RAD51/ESPL1/BUB1/CDC25A/TRIP13/EXO1/BUB1B/TTK/NUF2/NEK2/CDC25C";17
"GO:0034502";"GO:0034502";"protein localization to chromosome";"11/265";"90/15262";4.35149725126012e-07;9.69644953535509e-06;8.76349198168373e-06;"PLK1/CDT1/AURKB/CENPA/CDCA5/H1-5/ESCO2/CDK1/BUB1B/TTK/KNL1";11
"GO:1901989";"GO:1901989";"positive regulation of cell cycle phase transition";"11/265";"90/15262";4.35149725126012e-07;9.69644953535509e-06;8.76349198168373e-06;"UBE2C/CDT1/CDCA5/DLGAP5/DTL/CDC6/ESPL1/CDC25A/CCNB1/CDK1/CDC25C";11
"GO:0051303";"GO:0051303";"establishment of chromosome localization";"10/265";"77/15262";8.29176367704599e-07;1.83038745842828e-05;1.65427415022619e-05;"CDT1/AURKB/CDCA5/DLGAP5/KIF2C/KIFC1/CCNB1/KIF14/CENPF/NUF2";10
"GO:0050000";"GO:0050000";"chromosome localization";"10/265";"79/15262";1.05628086602497e-06;2.31012537551017e-05;2.08785340769848e-05;"CDT1/AURKB/CDCA5/DLGAP5/KIF2C/KIFC1/CCNB1/KIF14/CENPF/NUF2";10
"GO:1903046";"GO:1903046";"meiotic cell cycle process";"14/265";"168/15262";1.39183765684584e-06;3.01607389492649e-05;2.72587809568649e-05;"CDC20/PLK1/CCNB2/TOP2A/RAD54L/RAD51/ESPL1/BUB1/CDC25A/TRIP13/BUB1B/TTK/NUF2/CDC25C";14
"GO:0051310";"GO:0051310";"metaphase plate congression";"9/265";"64/15262";1.49804331898844e-06;3.216707563137e-05;2.90720751283116e-05;"CDT1/AURKB/CDCA5/KIF2C/KIFC1/CCNB1/KIF14/CENPF/NUF2";9
"GO:0090307";"GO:0090307";"mitotic spindle assembly";"9/265";"65/15262";1.71268939269968e-06;3.64447959059157e-05;3.29382085196297e-05;"CDC20/PLK1/AURKB/MYBL2/TPX2/KIF4A/KIFC1/KIF11/NEK2";9
"GO:0045931";"GO:0045931";"positive regulation of mitotic cell cycle";"11/265";"104/15262";1.88289835791985e-06;3.9708981441131e-05;3.58883258445625e-05;"UBE2C/CDT1/CDCA5/DLGAP5/DTL/CDC6/ESPL1/CDC25A/CCNB1/CDK1/CDC25C";11
"GO:0008608";"GO:0008608";"attachment of spindle microtubules to kinetochore";"7/265";"35/15262";1.95056903298025e-06;4.07720712911447e-05;3.6849129006837e-05;"CDT1/AURKB/KIF2C/CCNB1/NUF2/KNL1/NEK2";7
"GO:0044774";"GO:0044774";"mitotic DNA integrity checkpoint";"11/265";"105/15262";2.07130821163739e-06;4.29160525955045e-05;3.87868241292763e-05;"GTSE1/E2F8/CDC6/CLSPN/CCNB1/CDK1/ORC1/E2F1/CDC25C/E2F7/TICRR";11
"GO:0007080";"GO:0007080";"mitotic metaphase plate congression";"8/265";"50/15262";2.12311108983214e-06;4.36068556015958e-05;3.94111605508428e-05;"CDT1/AURKB/CDCA5/KIF2C/KIFC1/CCNB1/KIF14/NUF2";8
"GO:0019730";"GO:0019730";"antimicrobial humoral response";"10/265";"88/15262";2.88557055116297e-06;5.87561865676459e-05;5.31028772936343e-05;"JCHAIN/IGHA1/IGKV3-20/CLU/IGHA2/PF4V1/H2BC11/LCN2/LTF/PPBP";10
"GO:0072401";"GO:0072401";"signal transduction involved in DNA integrity checkpoint";"9/265";"71/15262";3.64396575789282e-06;7.29410772893461e-05;6.59229487690155e-05;"PLK1/GTSE1/DTL/E2F8/CCNB1/CDK1/E2F1/CDC25C/E2F7";9
"GO:0072422";"GO:0072422";"signal transduction involved in DNA damage checkpoint";"9/265";"71/15262";3.64396575789282e-06;7.29410772893461e-05;6.59229487690155e-05;"PLK1/GTSE1/DTL/E2F8/CCNB1/CDK1/E2F1/CDC25C/E2F7";9
"GO:0072395";"GO:0072395";"signal transduction involved in cell cycle checkpoint";"9/265";"73/15262";4.60870563226247e-06;9.14769975075963e-05;8.26754093076364e-05;"PLK1/GTSE1/DTL/E2F8/CCNB1/CDK1/E2F1/CDC25C/E2F7";9
"GO:0015701";"GO:0015701";"bicarbonate transport";"7/265";"40/15262";5.02158386224415e-06;9.88415090218391e-05;8.93313339704486e-05;"SLC4A1/CA1/HBA1/SLC4A10/HBB/HBA2/RHAG";7
"GO:0006270";"GO:0006270";"DNA replication initiation";"7/265";"41/15262";5.96639473219387e-06;0.000116467969896214;0.000105261840077331;"CDT1/MCM10/CDC6/CDC45/ORC1/POLE2/TICRR";7
"GO:0045787";"GO:0045787";"positive regulation of cell cycle";"19/265";"348/15262";1.10981538299116e-05;0.000214867535625009;0.000194193752951343;"UBE2C/CDT1/AURKB/GTSE1/CDCA5/DLGAP5/DTL/E2F8/CDC6/ESPL1/CDC25A/CCNB1/KIF14/CDK1/E2F1/TP73/CDC25C/E2F7/EGF";19
"GO:0034501";"GO:0034501";"protein localization to kinetochore";"5/265";"19/15262";1.44784320075306e-05;0.00027803297887632;0.000251281644084485;"CDT1/AURKB/CDK1/TTK/KNL1";5
"GO:0140013";"GO:0140013";"meiotic nuclear division";"12/265";"153/15262";1.47655580480629e-05;0.000281260065399392;0.000254198231930999;"CDC20/PLK1/CCNB2/TOP2A/RAD54L/RAD51/ESPL1/BUB1/TRIP13/BUB1B/TTK/NUF2";12
"GO:0033314";"GO:0033314";"mitotic DNA replication checkpoint";"4/265";"10/15262";1.71867382848254e-05;0.000324760606630061;0.000293513307297903;"CDC6/CLSPN/ORC1/TICRR";4
"GO:0006261";"GO:0006261";"DNA-dependent DNA replication";"12/265";"157/15262";1.91490442360351e-05;0.000358968591154881;0.000324429922394981;"CDT1/MCM10/GINS2/E2F8/CDC6/RAD51/POLQ/CDC45/ORC1/POLE2/E2F7/TICRR";12
"GO:0042743";"GO:0042743";"hydrogen peroxide metabolic process";"7/265";"49/15262";2.02513126769017e-05;0.00037658779731637;0.000340353871811399;"HBM/HBD/HBQ1/HBA1/SNCA/HBB/HBA2";7
"GO:0000910";"GO:0000910";"cytokinesis";"12/265";"158/15262";2.04078061204468e-05;0.00037658779731637;0.000340353871811399;"PLK1/AURKB/CENPA/KIF4A/KIF20A/CEP55/E2F8/CDC6/ESPL1/ANLN/KIF14/E2F7";12
"GO:0051225";"GO:0051225";"spindle assembly";"10/265";"113/15262";2.71447994789698e-05;0.000497023382707958;0.00044920157766912;"CDC20/PLK1/AURKB/CCNB2/MYBL2/TPX2/KIF4A/KIFC1/KIF11/NEK2";10
"GO:0000079";"GO:0000079";"regulation of cyclin-dependent protein serine/threonine kinase activity";"9/265";"92/15262";3.0957627833435e-05;0.000562476284173642;0.000508356836001669;"PLK1/CCNA2/PKMYT1/CCNB2/CDC6/CDKN3/CDC25A/CCNB1/CDC25C";9
"GO:0051383";"GO:0051383";"kinetochore organization";"5/265";"22/15262";3.14196237502815e-05;0.000566512605329504;0.000512004796830622;"CDT1/CENPA/DLGAP5/CENPF/NUF2";5
"GO:0007077";"GO:0007077";"mitotic nuclear envelope disassembly";"4/265";"12/15262";3.94141713922885e-05;0.00070527479415595;0.000637415786152799;"PLK1/CCNB2/CCNB1/CDK1";4
"GO:1904029";"GO:1904029";"regulation of cyclin-dependent protein kinase activity";"9/265";"96/15262";4.34982570246811e-05;0.000772502880393209;0.000698175427353014;"PLK1/CCNA2/PKMYT1/CCNB2/CDC6/CDKN3/CDC25A/CCNB1/CDC25C";9
"GO:0019731";"GO:0019731";"antibacterial humoral response";"6/265";"38/15262";4.48337893239245e-05;0.000784425262097108;0.000708950680303461;"JCHAIN/IGHA1/IGKV3-20/IGHA2/H2BC11/LTF";6
"GO:0030261";"GO:0030261";"chromosome condensation";"6/265";"38/15262";4.48337893239245e-05;0.000784425262097108;0.000708950680303461;"CDCA5/NCAPG/H1-5/TOP2A/CCNB1/NCAPH";6
"GO:0000077";"GO:0000077";"DNA damage checkpoint";"11/265";"146/15262";4.86308441169597e-05;0.00084460333679602;0.000763338636758469;"PLK1/GTSE1/DTL/E2F8/CLSPN/CCNB1/CDK1/E2F1/CDC25C/E2F7/TICRR";11
"GO:0006977";"GO:0006977";"DNA damage response, signal transduction by p53 class mediator resulting in cell cycle arrest";"7/265";"56/15262";4.93024727961257e-05;0.000850017815652912;0.000768232153903519;"GTSE1/E2F8/CCNB1/CDK1/E2F1/CDC25C/E2F7";7
"GO:0045132";"GO:0045132";"meiotic chromosome segregation";"8/265";"76/15262";5.05272312403036e-05;0.000864821160794182;0.000781611174335131;"PLK1/TOP2A/ESPL1/BUB1/TRIP13/BUB1B/TTK/NUF2";8
"GO:0010639";"GO:0010639";"negative regulation of organelle organization";"17/265";"324/15262";5.33521072566257e-05;0.000906601995252877;0.000819372006940075;"CDC20/PLK1/CDT1/AURKB/TPX2/ZWINT/TOP2A/ESPL1/BUB1/TRIP13/CCNB1/CENPF/BUB1B/TTK/CLU/SNCA/MET";17
"GO:0007062";"GO:0007062";"sister chromatid cohesion";"7/265";"57/15262";5.53811214935186e-05;0.000917539812168825;0.000829257426390827;"CDC20/PLK1/CDCA5/ESPL1/ESCO2/BUB1/BUB1B";7
"GO:0072431";"GO:0072431";"signal transduction involved in mitotic G1 DNA damage checkpoint";"7/265";"57/15262";5.53811214935186e-05;0.000917539812168825;0.000829257426390827;"GTSE1/E2F8/CCNB1/CDK1/E2F1/CDC25C/E2F7";7
"GO:1902400";"GO:1902400";"intracellular signal transduction involved in G1 DNA damage checkpoint";"7/265";"57/15262";5.53811214935186e-05;0.000917539812168825;0.000829257426390827;"GTSE1/E2F8/CCNB1/CDK1/E2F1/CDC25C/E2F7";7
"GO:0071158";"GO:0071158";"positive regulation of cell cycle arrest";"8/265";"77/15262";5.55496160627189e-05;0.000917539812168825;0.000829257426390827;"GTSE1/E2F8/CCNB1/CDK1/E2F1/TP73/CDC25C/E2F7";8
"GO:0051984";"GO:0051984";"positive regulation of chromosome segregation";"4/265";"13/15262";5.61557983928551e-05;0.000921111081971693;0.00083248508143794;"CDT1/AURKB/CDC6/CCNB1";4
"GO:0071156";"GO:0071156";"regulation of cell cycle arrest";"9/265";"100/15262";6.00865142057829e-05;0.000978788596924547;0.000884613073025973;"FOXM1/GTSE1/E2F8/CCNB1/CDK1/E2F1/TP73/CDC25C/E2F7";9
"GO:1902402";"GO:1902402";"signal transduction involved in mitotic DNA damage checkpoint";"7/265";"58/15262";6.20596277105861e-05;0.00099717578675105;0.00090123111347704;"GTSE1/E2F8/CCNB1/CDK1/E2F1/CDC25C/E2F7";7
"GO:1902403";"GO:1902403";"signal transduction involved in mitotic DNA integrity checkpoint";"7/265";"58/15262";6.20596277105861e-05;0.00099717578675105;0.00090123111347704;"GTSE1/E2F8/CCNB1/CDK1/E2F1/CDC25C/E2F7";7
"GO:0044773";"GO:0044773";"mitotic DNA damage checkpoint";"9/265";"101/15262";6.49785469035944e-05;0.0010370224850425;0.000937243905551135;"GTSE1/E2F8/CLSPN/CCNB1/CDK1/E2F1/CDC25C/E2F7/TICRR";9
"GO:0042770";"GO:0042770";"signal transduction in response to DNA damage";"10/265";"127/15262";7.39355291121242e-05;0.00115985630268018;0.00104825909436044;"PLK1/FOXM1/GTSE1/DTL/E2F8/CCNB1/CDK1/E2F1/CDC25C/E2F7";10
"GO:0007143";"GO:0007143";"female meiotic nuclear division";"5/265";"26/15262";7.414830724162e-05;0.00115985630268018;0.00104825909436044;"PLK1/CCNB2/TOP2A/TRIP13/TTK";5
"GO:0010971";"GO:0010971";"positive regulation of G2/M transition of mitotic cell cycle";"5/265";"26/15262";7.414830724162e-05;0.00115985630268018;0.00104825909436044;"DTL/CDC25A/CCNB1/CDK1/CDC25C";5
"GO:0072413";"GO:0072413";"signal transduction involved in mitotic cell cycle checkpoint";"7/265";"60/15262";7.73956708293876e-05;0.00120268799012509;0.00108696967065096;"GTSE1/E2F8/CCNB1/CDK1/E2F1/CDC25C/E2F7";7
"GO:0031571";"GO:0031571";"mitotic G1 DNA damage checkpoint";"7/265";"62/15262";9.56909570828651e-05;0.00147726823940998;0.00133513079438631;"GTSE1/E2F8/CCNB1/CDK1/E2F1/CDC25C/E2F7";7
"GO:0030397";"GO:0030397";"membrane disassembly";"4/265";"15/15262";0.000104307056501753;0.00157931581703296;0.00142735972055031;"PLK1/CCNB2/CCNB1/CDK1";4
"GO:0051081";"GO:0051081";"nuclear envelope disassembly";"4/265";"15/15262";0.000104307056501753;0.00157931581703296;0.00142735972055031;"PLK1/CCNB2/CCNB1/CDK1";4
"GO:0051315";"GO:0051315";"attachment of mitotic spindle microtubules to kinetochore";"4/265";"15/15262";0.000104307056501753;0.00157931581703296;0.00142735972055031;"CDT1/AURKB/KIF2C/NUF2";4
"GO:0044783";"GO:0044783";"G1 DNA damage checkpoint";"7/265";"63/15262";0.000106076736113792;0.00158578006772644;0.00143320200425563;"GTSE1/E2F8/CCNB1/CDK1/E2F1/CDC25C/E2F7";7
"GO:0044819";"GO:0044819";"mitotic G1/S transition checkpoint";"7/265";"63/15262";0.000106076736113792;0.00158578006772644;0.00143320200425563;"GTSE1/E2F8/CCNB1/CDK1/E2F1/CDC25C/E2F7";7
"GO:1902751";"GO:1902751";"positive regulation of cell cycle G2/M phase transition";"5/265";"29/15262";0.000128285262086087;0.00190572194369394;0.00172236022185093;"DTL/CDC25A/CCNB1/CDK1/CDC25C";5
"GO:0061982";"GO:0061982";"meiosis I cell cycle process";"9/265";"111/15262";0.000135260303317073;0.00199678022771829;0.00180465720478305;"PLK1/CCNB2/TOP2A/RAD54L/RAD51/ESPL1/CDC25A/TRIP13/CDC25C";9
"GO:0000281";"GO:0000281";"mitotic cytokinesis";"7/265";"69/15262";0.000189353521162429;0.00277796904960036;0.00251068284352668;"PLK1/CENPA/KIF4A/KIF20A/CEP55/ESPL1/ANLN";7
"GO:0061640";"GO:0061640";"cytoskeleton-dependent cytokinesis";"8/265";"94/15262";0.000228064703040411;0.00331146974548101;0.00299285201828757;"PLK1/AURKB/CENPA/KIF4A/KIF20A/CEP55/ESPL1/ANLN";8
"GO:0006323";"GO:0006323";"DNA packaging";"12/265";"203/15262";0.000228522255932855;0.00331146974548101;0.00299285201828757;"HJURP/CENPA/CDCA5/NCAPG/H1-5/TOP2A/CCNB1/NCAPH/KNL1/H2BC11/CENPU/H3C10";12
"GO:0031572";"GO:0031572";"G2 DNA damage checkpoint";"5/265";"35/15262";0.000322119224718271;0.00463930249258876;0.0041929254668078;"PLK1/DTL/CLSPN/CDK1/TICRR";5
"GO:0071103";"GO:0071103";"DNA conformation change";"15/265";"311/15262";0.000363560183523175;0.00520441911201054;0.00470366859448165;"HJURP/CENPA/CDCA5/NCAPG/H1-5/TOP2A/RAD54L/RAD51/POLQ/CCNB1/NCAPH/KNL1/H2BC11/CENPU/H3C10";15
"GO:0034508";"GO:0034508";"centromere complex assembly";"6/265";"55/15262";0.000367945371625949;0.0052165039265805;0.0047145906515911;"HJURP/CENPA/DLGAP5/CENPF/KNL1/CENPU";6
"GO:0044818";"GO:0044818";"mitotic G2/M transition checkpoint";"5/265";"36/15262";0.000368821403784481;0.0052165039265805;0.0047145906515911;"CDC6/CLSPN/CDK1/ORC1/TICRR";5
"GO:0065004";"GO:0065004";"protein-DNA complex assembly";"12/265";"215/15262";0.000386254444529878;0.00543055355940221;0.00490804519740973;"HJURP/CDT1/CENPA/DLGAP5/H1-5/RAD51/CDC45/CENPF/KNL1/H2BC11/CENPU/H3C10";12
"GO:0030330";"GO:0030330";"DNA damage response, signal transduction by p53 class mediator";"8/265";"104/15262";0.000454789546769726;0.00635628940514847;0.00574471006445969;"FOXM1/GTSE1/E2F8/CCNB1/CDK1/E2F1/CDC25C/E2F7";8
"GO:0006275";"GO:0006275";"regulation of DNA replication";"8/265";"105/15262";0.000485037078596528;0.00673916223320588;0.0060907442439242;"CCNA2/CDT1/E2F8/CDC6/ESCO2/E2F7/TICRR/EGF";8
"GO:0003094";"GO:0003094";"glomerular filtration";"4/265";"22/15262";0.000507951909868836;0.00701627141000111;0.00634119097084641;"JCHAIN/IGHA1/IGKV3-20/IGHA2";4
"GO:0032465";"GO:0032465";"regulation of cytokinesis";"7/265";"81/15262";0.000511572017229355;0.00702519246916126;0.0063492536777303;"PLK1/AURKB/KIF20A/E2F8/CDC6/KIF14/E2F7";7
"GO:1902750";"GO:1902750";"negative regulation of cell cycle G2/M phase transition";"8/265";"106/15262";0.000516895641652215;0.00705726881839613;0.00637824375583019;"PLK1/AURKB/DTL/CDC6/CLSPN/CDK1/ORC1/TICRR";8
"GO:0031145";"GO:0031145";"anaphase-promoting complex-dependent catabolic process";"7/265";"82/15262";0.000551168479110816;0.00748195372218246;0.00676206700324704;"CDC20/PLK1/UBE2C/AURKB/CCNB1/CDK1/BUB1B";7
"GO:2000105";"GO:2000105";"positive regulation of DNA-dependent DNA replication";"3/265";"10/15262";0.000567456444647355;0.00765904069861173;0.00692211530673586;"CDT1/E2F8/E2F7";3
"GO:0097205";"GO:0097205";"renal filtration";"4/265";"23/15262";0.000606556373382718;0.00811860287679885;0.00733746006245736;"JCHAIN/IGHA1/IGKV3-20/IGHA2";4
"GO:0051445";"GO:0051445";"regulation of meiotic cell cycle";"5/265";"40/15262";0.000608379639793987;0.00811860287679885;0.00733746006245736;"CDC20/CDC25A/TRIP13/TTK/CDC25C";5
"GO:0044786";"GO:0044786";"cell cycle DNA replication";"6/265";"65/15262";0.000907402324927099;0.0120409229858304;0.0108823886159205;"CDT1/E2F8/RAD51/CDC45/POLE2/E2F7";6
"GO:2000045";"GO:2000045";"regulation of G1/S transition of mitotic cell cycle";"9/265";"146/15262";0.00102288766348324;0.0134975455930023;0.0121988602266628;"GTSE1/E2F8/CDC6/CCNB1/KIF14/CDK1/E2F1/CDC25C/E2F7";9
"GO:0051302";"GO:0051302";"regulation of cell division";"9/265";"147/15262";0.00107342359068023;0.0140857028954817;0.0127304271456112;"PLK1/AURKB/KIF20A/E2F8/CDC6/KIF14/KIF18B/E2F7/PPBP";9
"GO:0001895";"GO:0001895";"retina homeostasis";"6/265";"68/15262";0.00115153930926105;0.0150272698810751;0.0135813999370829;"JCHAIN/IGKC/IGHG3/IGHA1/IGHA2/LTF";6
"GO:0009636";"GO:0009636";"response to toxic substance";"11/265";"212/15262";0.00121968223380927;0.0158290628365796;0.0143060472537027;"TYMS/SDC1/RAD51/HBM/CCNB1/HBD/HBQ1/HBA1/HBB/MT1E/HBA2";11
"GO:0030168";"GO:0030168";"platelet activation";"9/265";"150/15262";0.00123728498922395;0.0159697658171966;0.0144332122987988;"TREML1/MYL9/PF4V1/ITGA2B/HBB/MPIG6B/SELP/GP9/PEAR1";9
"GO:0051988";"GO:0051988";"regulation of attachment of spindle microtubules to kinetochore";"3/265";"13/15262";0.00130119609278155;0.0166131090332434;0.0150146553408876;"AURKB/CCNB1/NEK2";3
"GO:1904668";"GO:1904668";"positive regulation of ubiquitin protein ligase activity";"3/265";"13/15262";0.00130119609278155;0.0166131090332434;0.0150146553408876;"CDC20/PLK1/UBE2C";3
"GO:0071824";"GO:0071824";"protein-DNA complex subunit organization";"12/265";"251/15262";0.00149744248157103;0.0189373762089616;0.0171152898755622;"HJURP/CDT1/CENPA/DLGAP5/H1-5/RAD51/CDC45/CENPF/KNL1/H2BC11/CENPU/H3C10";12
"GO:0071168";"GO:0071168";"protein localization to chromatin";"4/265";"29/15262";0.00149927576252151;0.0189373762089616;0.0171152898755622;"PLK1/CDCA5/H1-5/ESCO2";4
"GO:0020027";"GO:0020027";"hemoglobin metabolic process";"3/265";"14/15262";0.00163491846310694;0.0201129031763469;0.0181777118595443;"EPB42/ALAS2/SLC6A9";3
"GO:0045842";"GO:0045842";"positive regulation of mitotic metaphase/anaphase transition";"3/265";"14/15262";0.00163491846310694;0.0201129031763469;0.0181777118595443;"CDT1/DLGAP5/ESPL1";3
"GO:0060263";"GO:0060263";"regulation of respiratory burst";"3/265";"14/15262";0.00163491846310694;0.0201129031763469;0.0181777118595443;"JCHAIN/IGHA1/IGHA2";3
"GO:1901970";"GO:1901970";"positive regulation of mitotic sister chromatid separation";"3/265";"14/15262";0.00163491846310694;0.0201129031763469;0.0181777118595443;"CDT1/DLGAP5/ESPL1";3
"GO:1902101";"GO:1902101";"positive regulation of metaphase/anaphase transition of cell cycle";"3/265";"14/15262";0.00163491846310694;0.0201129031763469;0.0181777118595443;"CDT1/DLGAP5/ESPL1";3
"GO:0072331";"GO:0072331";"signal transduction by p53 class mediator";"12/265";"254/15262";0.0016552163862124;0.020257104167014;0.0183080383487252;"FOXM1/AURKB/GTSE1/TPX2/E2F8/CCNB1/CDK1/EXO1/E2F1/TP73/CDC25C/E2F7";12
"GO:2000134";"GO:2000134";"negative regulation of G1/S transition of mitotic cell cycle";"7/265";"101/15262";0.00188796125488289;0.0229864148661514;0.020774744573535;"GTSE1/E2F8/CCNB1/CDK1/E2F1/CDC25C/E2F7";7
"GO:0007076";"GO:0007076";"mitotic chromosome condensation";"3/265";"15/15262";0.00201757131475824;0.0240852447889932;0.0217678490271751;"CDCA5/NCAPG/NCAPH";3
"GO:0007096";"GO:0007096";"regulation of exit from mitosis";"3/265";"15/15262";0.00201757131475824;0.0240852447889932;0.0217678490271751;"UBE2C/CDCA5/ANLN";3
"GO:0051782";"GO:0051782";"negative regulation of cell division";"3/265";"15/15262";0.00201757131475824;0.0240852447889932;0.0217678490271751;"AURKB/E2F8/E2F7";3
"GO:1902806";"GO:1902806";"regulation of cell cycle G1/S phase transition";"9/265";"161/15262";0.00201900019823059;0.0240852447889932;0.0217678490271751;"GTSE1/E2F8/CDC6/CCNB1/KIF14/CDK1/E2F1/CDC25C/E2F7";9
"GO:1902807";"GO:1902807";"negative regulation of cell cycle G1/S phase transition";"7/265";"103/15262";0.00211227808585645;0.0250713609989595;0.0226590846766299;"GTSE1/E2F8/CCNB1/CDK1/E2F1/CDC25C/E2F7";7
"GO:1905820";"GO:1905820";"positive regulation of chromosome separation";"3/265";"16/15262";0.0024515068416963;0.0289522958004333;0.0261666098682111;"CDT1/DLGAP5/ESPL1";3
"GO:0031109";"GO:0031109";"microtubule polymerization or depolymerization";"7/265";"106/15262";0.00248675068364054;0.0292224135062635;0.0264107378183976;"TPX2/SKA3/SKA1/KIF2C/KIF18B/SNCA/MET";7
"GO:0071900";"GO:0071900";"regulation of protein serine/threonine kinase activity";"17/265";"454/15262";0.00251060177754048;0.0293566405868842;0.0265320500513397;"PLK1/CCNA2/PKMYT1/PBK/CCNB2/CDC6/UCHL1/CDKN3/CDC25A/CCNB1/CDK1/CAV1/SNCA/TP73/CDC25C/LTF/EGF";17
"GO:0007596";"GO:0007596";"blood coagulation";"13/265";"304/15262";0.00259521780267395;0.0301965736449057;0.0272911677667761;"CAV1/SLC4A1/HBD/TREML1/MYL9/PF4V1/ITGA2B/HBB/H3C10/MPIG6B/SELP/GP9/PEAR1";13
"GO:0007127";"GO:0007127";"meiosis I";"7/265";"107/15262";0.00262229324296278;0.0303620423523435;0.0274407156693938;"PLK1/CCNB2/TOP2A/RAD54L/RAD51/ESPL1/TRIP13";7
"GO:0050817";"GO:0050817";"coagulation";"13/265";"306/15262";0.00274605815077126;0.0316399480591303;0.0285956658781212;"CAV1/SLC4A1/HBD/TREML1/MYL9/PF4V1/ITGA2B/HBB/H3C10/MPIG6B/SELP/GP9/PEAR1";13
"GO:0007599";"GO:0007599";"hemostasis";"13/265";"308/15262";0.00290400294417484;0.0332973541463154;0.0300936023034572;"CAV1/SLC4A1/HBD/TREML1/MYL9/PF4V1/ITGA2B/HBB/H3C10/MPIG6B/SELP/GP9/PEAR1";13
"GO:0051382";"GO:0051382";"kinetochore assembly";"3/265";"17/15262";0.00293891074609389;0.0335348173056704;0.0303082176103657;"CENPA/DLGAP5/CENPF";3
"GO:0016572";"GO:0016572";"histone phosphorylation";"4/265";"37/15262";0.0037404297559248;0.0420709289690209;0.0380230152632356;"CCNA2/AURKB/CCNB1/CDK1";4
"GO:0045740";"GO:0045740";"positive regulation of DNA replication";"4/265";"37/15262";0.0037404297559248;0.0420709289690209;0.0380230152632356;"CDT1/E2F8/E2F7/EGF";4
"GO:0045840";"GO:0045840";"positive regulation of mitotic nuclear division";"4/265";"37/15262";0.0037404297559248;0.0420709289690209;0.0380230152632356;"CDT1/DLGAP5/ESPL1/EGF";4
"GO:0032506";"GO:0032506";"cytokinetic process";"4/265";"38/15262";0.00412431821241433;0.0461689081408656;0.0417267015952919;"AURKB/KIF20A/CEP55/ANLN";4
"GO:0098754";"GO:0098754";"detoxification";"7/265";"117/15262";0.00431143736612255;0.0480359200885918;0.0434140763579768;"HBM/HBD/HBQ1/HBA1/HBB/MT1E/HBA2";7
"GO:0071897";"GO:0071897";"DNA biosynthetic process";"9/265";"181/15262";0.00441125589076347;0.0489173071079029;0.0442106594834115;"TK1/AURKB/DTL/TYMS/POLQ/PCLAF/CENPF/NEK2/POLE2";9
"GO:0098869";"GO:0098869";"cellular oxidant detoxification";"6/265";"89/15262";0.00452260536973001;0.0499177284266462;0.0451148238554474;"HBM/HBD/HBQ1/HBA1/HBB/HBA2";6
